---updates---
27536740181847, 7868966514
27555911040212, 3108077890
27559019221405, 2820199730
27565919891497, 2091697862
27568011695881, 2111946297
27576963055526, 2038159719
27584421356698, 1891254361
27586312722762, 1449299799
27587762142392, 1649738981
27589411984902, 2937930958
27592350030390, 2358968737
27594709114004, 1268754488
27608288759398, 1920990161
27614178694785, 1296885210
27619429360361, 1720420009
27621149900432, 1622702834
27624716325939, 1693807682
27628331171644, 1394641524
27629725929130, 1737326935
27637203339300, 1770519923
27641319864544, 1373678289
27644621650806, 1113406187
27649492160429, 1697806221
27651190079284, 1089235839
27657877704214, 1595465036
27659473270325, 1504962633
27660978339040, 1411784794
27664302457454, 1082715811
27670897217081, 1014467861
27671911788191, 2018446065
27673930330716, 1534857555
27679178314234, 995744176
27680174159284, 1579456223
27681753710772, 1617485528
27683371296806, 1087733421
27688177129288, 1100566882
27691104116813, 1567511156
27694538730727, 984671348
27695523504257, 1131776956
27696655385135, 1919196956
27700718361037, 1486531340
27702204993241, 1031182832
27705071664732, 1523308002
27710315697696, 942201178
27711258001826, 1722025701
27718472307349, 1057194454
27721376760529, 982675497
27724264938432, 1396770622
27725661812665, 1009439500
27726671349797, 1498936588
27733952212073, 1105036473
27736892277349, 943423260
27737835799438, 1071296329
27742586328991, 1084020118
27747327937360, 976609823
27753741288091, 947433503
27754688838170, 1213920609
27759513088371, 1126849790
27760640049262, 977523228
27761617676849, 1634523209
27763252299118, 1410395317
27764662795979, 1147040241
27769341040594, 926390634
27772128914191, 1079042526
27773208092262, 941453649
27777776135174, 1086659234
27778862894353, 954240715
-------------
---reads---
27492913624552, 10584831592
27528210515371, 110426337
27544609633734, 62463888
27551842248047, 57202213
27561839487828, 57157194
27570123709027, 56591786
27572498653398, 55479414
27574705929706, 53223862
27579001281626, 53677531
27582274862620, 51446921
27595977939262, 52855349
27598128452153, 56986028
27600143501200, 51416127
27602253597458, 49468849
27604292390872, 51313329
27606334802380, 50605628
27610209813061, 51096121
27612257725764, 50051103
27615475655040, 51200697
27617498068376, 50412786
27622772681884, 51340113
27626410209468, 57607937
27631463333827, 51993068
27633404491824, 50043934
27635304106656, 56249288
27638973932534, 160689121
27642693621791, 52040578
27645735139019, 51736363
27647627891057, 49317330
27652279393062, 51745542
27654136729021, 48706447
27656040986556, 49249170
27662390188986, 51347531
27665385241724, 50699071
27667257104880, 49856442
27669090213184, 50015979
27675465251230, 55588406
27677389352755, 49939373
27684459097002, 54262267
27686331595803, 49930373
27689277759571, 51552624
27692671693732, 54872643
27698574645701, 137703363
27703236241611, 51579757
27706595039335, 52684955
27708526403120, 51341185
27712980091791, 51996617
27714888834365, 50240135
27716655975499, 51260274
27719529574639, 51443888
27722359501517, 52189981
27728170355368, 153425541
27730334021994, 49853131
27732111569914, 49196139
27735057312077, 52391916
27738907161440, 51608528
27740768339159, 50740590
27743670426659, 50572265
27745540544501, 52997660
27748304629009, 58931826
27750137015106, 52957404
27751944819797, 51550807
27755902834068, 54921166
27757754278303, 51840141
27765809908064, 52234087
27767611991430, 51810920
27770267511122, 52597693
27774149618653, 53099238
27775991096817, 53441285
27779817202306, 53787960
27781638033225, 52339956
-------------
---updates-errors---
27783426799942, 498844067
27783925648730, 3077037832
27787002692717, 3016853852
27790019552157, 3016663352
27793036221289, 3016950706
27796053176696, 3016919009
27799070101943, 3016522354
27802086630055, 3016621015
27805103256766, 3017785474
27808121047751, 3016335265
27871486466333, 3015737464
27874502209783, 3016123996
27877518339574, 3016763843
27880535108859, 3015685345
27883550800725, 3015673518
27886566480237, 3015852483
27889582338940, 3015907352
27892598251700, 3016363434
27895614621063, 3015528747
27898630155739, 3015754091
27901646053701, 3015409583
27904661469528, 3015734278
27907677210222, 3015402880
27910692618811, 3015504100
27913708129642, 3015541044
27916723676766, 3015727750
27919739410490, 3015470094
27922754886465, 3015077114
27925769970071, 3015289573
27928785265628, 3015286929
27931800690468, 3015242167
27934815937763, 3015651302
27937831596565, 8698499
27937840297386, 1712802
27937842012640, 1487578
27937843502191, 1444020
27937844948478, 1340990
27937846291386, 1489601
27937847782994, 1370508
27937849155380, 1305329
27937879272058, 1687806
27937880961977, 1620089
27937882584228, 1658825
27937884245036, 1624687
27937885871987, 1596641
27937887470626, 1690734
27937889163672, 1664085
27937890829774, 1628049
27937892460017, 1639740
27937894101854, 1713184
27937895866033, 1629772
27937897497969, 1681817
27937899182068, 1735383
27937900919402, 1716171
27937902637809, 1755981
27937904395818, 1649823
27937906047843, 1634716
27937907684606, 1626556
27937909313551, 1564491
27937910880124, 1650428
27937929437573, 1752271
27937931191832, 1683718
27937932877766, 1617649
27937934497428, 1604458
27937936104151, 1629631
27937937735885, 1694562
27937939432623, 1679410
27937941113997, 1603072
27937942720224, 1678540
27937944400789, 1657416
27937995809732, 1593269
27937997405268, 1541224
27937998948725, 1633237
27938000584080, 1622906
27938002209260, 1618480
27938003829867, 1560590
27938005392866, 1568545
27938006963513, 1590827
27938008556797, 1563651
27938010122589, 1577849
27938053209145, 1315114
27938054526454, 1308606
27938055837478, 1292730
27938057132162, 1240522
27938058374736, 1230484
27938059607222, 1222462
27938060831786, 1222336
27938062056042, 1240655
27938063298846, 1209294
27938064510154, 1281629
27938105409415, 1456707
27938106868621, 1368349
27938108239149, 1333892
27938109575047, 1309073
27938110886246, 1297313
27938112185556, 1321495
27938113509273, 1302790
27938114813994, 1275592
27938116091973, 1298500
27938117392597, 1303420
27938133038054, 1269375
27938134309393, 1200841
27938135511980, 1213315
27938136727032, 1201081
27938137930048, 1200511
27938139132343, 1171567
27938140305914, 1218112
27938141525678, 1201007
27938142728569, 1170957
27938143901311, 1211019
27938157976887, 1306982
27938159286073, 1241129
27938160529192, 1260179
27938161791056, 1263102
27938163056227, 1218756
27938164276670, 1228157
27938165506771, 1216427
27938166725037, 1187372
27938167914438, 1563678
27938169479877, 2095234
27938184548494, 1297754
27938185848191, 1279691
27938187129837, 1221735
27938188353414, 1196761
27938189552132, 1709256
27938191263124, 1215764
27938192480906, 1167235
27938193649865, 1195307
27938194847239, 1185894
27938196034976, 1197953
27938197283677, 1226388
27938198512087, 1172803
27938199687046, 1181520
27938200870367, 1194182
27938202066436, 1198788
27938203266966, 1178395
27938204447261, 1158393
27938205607352, 1276760
27938206886045, 1278813
27938208166868, 1570104
27938209787110, 1245141
27938211034207, 1253155
27938212289365, 1180530
27938213471537, 1201047
27938214674505, 1180462
27938215856640, 1192859
27938217051393, 1197288
27938218250408, 1186796
27938219439241, 1230693
27938220671744, 1405353
27938234506361, 1243079
27938235751446, 1226119
27938236979484, 1203199
27938238184263, 1296670
27938239482891, 1228558
27938240713249, 1266689
27938241981785, 1181875
27938243165360, 1250321
27938244417716, 1189874
27938245609257, 1166891
27938258934570, 1264047
27938260200510, 1201666
27938261403937, 1212142
27938262617739, 1157789
27938263777588, 1253449
27938265032713, 1198273
27938266233101, 1160394
27938267395247, 1186488
27938268583615, 1169743
27938269755145, 1137366
27938297301544, 1174618
27938298478023, 1113655
27938299593598, 1120409
27938300715873, 1157245
27938301875118, 1136828
27938303013860, 1158401
27938304174351, 1132127
27938305308193, 1095389
27938306405447, 1083545
27938307490596, 1142242
27938308683625, 1127945
27938309813254, 1130696
27938310945980, 1160607
27938312108570, 1179771
27938313290341, 1141124
27938314433215, 1141830
27938315576890, 1109312
27938316688000, 1116726
27938317806559, 1845717
27938319654033, 1215893
27938320920237, 1179599
27938322101795, 1135838
27938323239478, 1173979
27938324415147, 1173682
27938325590714, 1116973
27938326709372, 1135857
27938327847062, 1168789
27938329017593, 1111058
27938330130638, 1188306
27938331320693, 1206016
27938332576561, 1176378
27938333754777, 1133919
27938334890585, 1153690
27938336046229, 1149531
27938337197690, 1139355
27938338338839, 1114324
27938339455214, 1124104
27938340581121, 1118348
27938341701456, 1122145
27938342825508, 1082869
27938358065997, 1456148
27938359524180, 1446984
27938360973377, 1477252
27938362452521, 1412090
27938363866716, 1485356
27938365353890, 2275720
27938367631657, 1605183
27938369238985, 1489826
27938370731276, 1471961
27938372205371, 1482373
27938373738646, 1409773
27938375150732, 1497837
27938376650911, 1439562
27938378092606, 1421697
27938379516542, 1466949
27938380985482, 1426175
27938382413884, 1426706
27938383842577, 1412710
27938385257582, 1428993
27938386688661, 1453424
27938402791843, 1483436
27938404277557, 1452324
27938405732240, 1398169
27938407132556, 1477090
27938408612220, 1437770
27938410052044, 1439516
27938411493797, 1477964
27938412973810, 1408352
27938414384485, 1427280
27938415813797, 1452503
27938417318655, 1477241
27938418798132, 1439194
27938420239696, 1422126
27938421664046, 1467537
27938423133748, 1451164
27938424586917, 1440589
27938426029725, 1492904
27938427524754, 1490523
27938429017653, 1468217
27938430487889, 1473973
27938432036587, 1463507
27938433502246, 1467712
27938434972279, 1521309
27938436495524, 1457659
27938437955296, 1433694
27938439390993, 1474857
27938440868059, 1484258
27938442354286, 1438250
27938443794910, 3539722
27938447336707, 1475231
27938478701436, 1471109
27938480174825, 1464894
27938481642218, 1425080
27938483069604, 1412259
27938484484135, 1420629
27938485907041, 1430997
27938487340325, 1412019
27938488754401, 1439801
27938490196468, 1400809
27938491599412, 1486345
27938493157354, 1192576
27938494352118, 1134574
27938495488884, 1118007
27938496608842, 1082352
27938497693311, 1120530
27938498815878, 1101313
27938499919112, 1106073
27938501027059, 1075262
27938502104844, 1076049
27938503182889, 1099559
27938526659565, 1163415
27938527825003, 1158387
27938528985495, 1104966
27938530092400, 1112292
27938531206885, 1143454
27938532352261, 1119584
27938533474076, 1087086
27938534563184, 1082379
27938535647689, 1115008
27938536764555, 1096839
27938537911729, 1177244
27938539091007, 1132070
27938540225159, 1088790
27938541315827, 1117441
27938542435370, 1112954
27938543550179, 1106678
27938544659139, 1100401
27938545761419, 1154673
27938546918241, 1106257
27938548026644, 1111403
27938549187670, 1126395
27938550316007, 1084122
27938551402189, 1118448
27938552522513, 1081061
27938553605976, 1102517
27938554710583, 1092307
27938555805199, 1122021
27938556929074, 1072455
27938558003798, 1075906
27938559081803, 1126447
27938570977264, 1138757
27938572118080, 1107141
27938573227319, 1081429
27938574310745, 1069005
27938575381914, 1080145
27938576463859, 1080469
27938577546531, 1492553
27938579041260, 1205321
27938580248888, 1117491
27938581368254, 1094092
27938582511995, 1130190
27938583644415, 1126939
27938584773747, 1121644
27938585897338, 1086986
27938586986478, 1130037
27938588118493, 1111974
27938589232697, 1098708
27938590333350, 1063360
27938591398794, 1128488
27938592529321, 1104050
27938604804349, 1152149
27938605958603, 1096767
27938607057594, 1116531
27938608176168, 1081472
27938609259702, 1076639
27938610338294, 1090157
27938611430533, 1101787
27938612534226, 1076790
27938613613214, 1097187
27938614712653, 1073544
27938615836468, 1104165
27938616942904, 1071527
27938618016415, 1059046
27938619077286, 1063120
27938620142397, 1086498
27938621230848, 1067568
27938622300367, 1049037
27938623351320, 1095538
27938624448896, 1078185
27938625528995, 1070467
27938648227294, 1138859
27938649368189, 1092898
27938650463201, 1084012
27938651549164, 1128333
27938652679863, 1097691
27938653779406, 1071101
27938654852880, 1052243
27938655907141, 1097430
27938657006951, 1084362
27938658093379, 1073040
27938670108112, 1163675
27938671273979, 1142610
27938672418914, 1141171
27938673562098, 1097995
27938674662309, 1084092
27938675748166, 1088873
27938676838976, 1059191
27938677900000, 1097118
27938678999342, 1087439
27938680088912, 1074518
27938691919588, 1230693
27938693152455, 1105239
27938694259821, 1083808
27938695345634, 1075525
27938696423310, 1079345
27938697504624, 1113758
27938698620477, 1096132
27938699718566, 1105811
27938700826640, 1098794
27938701927354, 1077282
27938714163806, 1149569
27938715315783, 1099279
27938716417439, 1074546
27938717494040, 1054292
27938718550445, 1048072
27938719600444, 1089605
27938720692085, 1067673
27938721761689, 1066085
27938722829900, 1086329
27938723918122, 1176944
27938735941213, 1169377
27938737112709, 1087048
27938738201816, 1067291
27938739271033, 1084211
27938740357585, 1121233
27938741480825, 1082560
27938742565737, 1055533
27938743623184, 1092210
27938744717664, 1057511
27938745777102, 1047385
27938746873894, 1093056
27938747968986, 1102786
27938749073936, 1079380
27938750155359, 1064795
27938751222207, 1065189
27938752289299, 1086005
27938753377416, 1076167
27938754455558, 1047160
27938755504887, 1091049
27938756597953, 1051525
27938757698210, 1105551
27938758805827, 1073802
27938759881716, 1096498
27938760980197, 1092393
27938762074794, 1103474
27938763180378, 1128445
27938764311012, 1132504
27938765445952, 1064188
27938766512514, 1048328
27938767562983, 1094025
27938768706900, 1076097
27938769785365, 1056421
27938770844244, 1073944
27938771920568, 1131704
27938773054730, 1051268
27938774108257, 1082648
27938775193550, 1066607
27938776262505, 1074091
27938777338978, 1081383
27938778422511, 1041158
27938779514978, 1069884
27938780587073, 1078688
27938781668182, 1133126
27938782803660, 1064473
27938783870563, 1085042
27938784957830, 1043728
27938786003997, 1067405
27938787073772, 1076581
27938788152834, 1043773
27938789198917, 1035184
27938790285929, 1059652
27938791347825, 3887947
27938795238365, 1126775
27938796367469, 1062756
27938797432833, 4799037
27938802234330, 1259856
27938803496677, 1225977
27938804724993, 1065426
27938805792848, 1028170
27938806823215, 1006564
27938829928948, 1135417
27938831066759, 1118168
27938832187597, 1085678
27938833275630, 1061564
27938834339573, 1043864
27938835385719, 1047864
27938836436073, 1036750
27938837475069, 1014934
27938838492282, 998030
27938839492624, 1033068
27938840578276, 1032339
27938841612913, 1007986
27938842623395, 989127
27938843615086, 1081043
27938844698515, 1019054
27938845719759, 1009897
27938846732149, 1017658
27938847751943, 1075847
27938848830471, 1015043
27938849847858, 996653
27938895603229, 1122664
27938896728301, 1053353
27938897783950, 1039425
27938898825452, 1031373
27938899859240, 1078661
27938900940143, 1027737
27938901970424, 1045517
27938903018252, 1033649
27938904054333, 1023589
27938905080232, 1006045
27938906137067, 1054055
27938907193561, 1031225
27938908227399, 1017373
27938909247006, 1000938
27938910250224, 1102626
27938911355072, 1045118
27938912402688, 1039163
27938913444063, 1035472
27938914481978, 1031164
27938915515447, 1007028
27938916574085, 1282991
27938917859565, 1066962
27938918929038, 1042814
27938919974147, 2055120
27938922035537, 1408370
27938923446774, 1255786
27938924705275, 1418830
27938926126404, 1834919
27938927963768, 1326149
27938929292191, 1240876
27938952660638, 1174177
27938953837385, 1091722
27938954931559, 1053144
27938955987047, 1101121
27938957090562, 1050730
27938958143742, 1055284
27938959201434, 1031360
27938960235216, 1032059
27938961269823, 1082833
27938962355051, 1234957
27938963644214, 1148787
27938964795474, 1065155
27938965863138, 1043429
27938966908868, 1069051
27938967980250, 1103838
27938969086300, 1035941
27938970124563, 1040725
27938971167626, 1089502
27938972259492, 1089213
27938973350948, 1053886
27938974457829, 1154301
27938975614631, 1131101
27938976748276, 1060836
27938977811431, 1083069
27938978896944, 1040558
27938979939630, 1044976
27938980987210, 1058339
27938982047783, 1067420
27938983117648, 1043322
27938984163266, 1061023
27938996161257, 1149230
27938997312976, 1084322
27938998399748, 2122565
27939000524593, 1093252
27939001620451, 1069596
27939002692389, 998520
27939003693481, 1004286
27939004699975, 964107
27939005666572, 978265
27939006647165, 954857
27939047557863, 1110570
27939048671101, 986441
27939049660186, 958354
27939050620923, 938972
27939051562413, 1062222
27939052627009, 979233
27939053608774, 936693
27939054547768, 1079027
27939055629384, 1181041
27939056812686, 1176218
27939067988456, 1058761
27939069049763, 983093
27939070035446, 976694
27939071014443, 984126
27939072015214, 1025809
27939073043359, 978932
27939074024806, 955117
27939074982014, 928526
27939075913136, 1001080
27939076916647, 960804
27939101368901, 1145321
27939102516857, 2990799
27939105510359, 1110255
27939106623063, 1067217
27939107692785, 1124596
27939108819776, 1074446
27939109896788, 1108987
27939111008063, 1062322
27939112072926, 1165726
27939113241172, 1071749
27939169872427, 1145006
27939171020304, 1130043
27939172153034, 1489013
27939173644592, 1154524
27939174801740, 1170012
27939175974230, 1321081
27939177297993, 1109484
27939178409780, 1027456
27939179439631, 1086423
27939180528299, 1028399
27939193189839, 1121310
27939194313711, 1061308
27939195377524, 1048847
27939196428582, 1027873
27939197459129, 1120469
27939198581971, 1080903
27939199665435, 1062006
27939200729684, 1050966
27939201783116, 1051712
27939202837058, 1030584
27939203923819, 1086122
27939205012462, 1046830
27939206061637, 1010255
27939207074081, 1014273
27939208090881, 1074319
27939209167616, 1027132
27939210197388, 1013797
27939211213575, 1043914
27939212259895, 1052974
27939213315277, 1060572
27939225820125, 1128100
27939226950681, 1163399
27939228116631, 1104641
27939229223625, 1039715
27939230265870, 1045985
27939231314240, 1055247
27939232371998, 1029568
27939233404025, 1032467
27939234439080, 1032003
27939235473446, 1051063
27939236578209, 1081220
27939237661849, 1258128
27939238922603, 1036151
27939239961147, 1069249
27939241032816, 1099051
27939242134246, 1045244
27939243182096, 1053380
27939244237758, 1091472
27939245331682, 1088165
27939246422164, 1060340
27939258798216, 1283002
27939260083817, 1136452
27939261222588, 1056587
27939262281445, 1029616
27939263313554, 1190539
27939264506546, 1200752
27939265709748, 1050770
27939266762685, 1015509
27939267780537, 1052064
27939268834744, 1032988
27939292321073, 1148965
27939293472641, 1084049
27939294559275, 1066136
27939295627749, 1294888
27939296925024, 1085636
27939298013034, 1056069
27939299071708, 1067839
27939300141916, 1018611
27939301163046, 1005765
27939302171020, 1011876
27939325714047, 1190727
27939326908492, 1112456
27939328023562, 1071277
27939329097323, 1011171
27939330111059, 988910
27939331102270, 1114333
27939332219232, 1067315
27939333288767, 1010319
27939334301574, 1056102
27939335360008, 1040346
27939336465500, 1060007
27939337527824, 1055926
27939338586124, 1041268
27939339629735, 1024772
27939340656906, 1014360
27939341673590, 1044000
27939342720026, 1007208
27939343729497, 1030104
27939344762054, 1036959
27939345801201, 1007812
27939379210558, 1025924
27939380239346, 947848
27939381189929, 964911
27939382157197, 931757
27939383091437, 950287
27939384044255, 972539
27939385019295, 923084
27939385944679, 904865
27939386852061, 891302
27939387745561, 944862
27939421826013, 1124550
27939422953250, 1020990
27939423976949, 1030601
27939425010008, 1035833
27939426048416, 1020400
27939427071041, 1009286
27939428082948, 1024306
27939429109726, 1197317
27939430309673, 1039688
27939431351723, 1027610
27939443689228, 1120618
27939444812335, 1068652
27939445883514, 1012547
27939446898296, 3596826
27939450497695, 1018561
27939451518551, 1017440
27939452538496, 1012625
27939453553383, 991156
27939454547130, 1007630
27939455557195, 1169628
27939467943234, 1133477
27939469079145, 1078930
27939470160722, 1040759
27939471203764, 1037862
27939472244215, 1025497
27939473272003, 1029265
27939474303611, 1008430
27939475314408, 1029977
27939476346807, 1068959
27939477418026, 1046480
27939510704829, 1183386
27939511890663, 1137910
27939513031173, 1054110
27939514087770, 1046668
27939515136911, 1136120
27939516275336, 1028400
27939517306176, 983523
27939518291924, 974548
27939519268849, 970296
27939520241296, 996338
27939521290214, 1039327
27939522332026, 1024838
27939523359429, 1017427
27939524379165, 1845408
27939526227107, 1077655
27939527307212, 1017210
27939528326908, 984605
27939529313957, 1177367
27939530493679, 980166
27939531476187, 1110815
27939532641068, 1064207
27939533707806, 996546
27939534706832, 978591
27939535687631, 997083
27939536687084, 994559
27939537683957, 1346416
27939539033126, 1320577
27939540356373, 1897047
27939542256263, 1315275
27939543574163, 1369096
27939544997002, 1310311
27939546309947, 1327199
27939547639857, 1409678
27939549052199, 1135146
27939550189919, 1041186
27939551233441, 1024339
27939552260290, 1023029
27939553285622, 1104159
27939554392169, 1010834
27939555405343, 1367583
27939556826034, 1088555
27939557916976, 1046835
27939558966175, 1115947
27939560084801, 1028139
27939561115550, 972437
27939562090155, 979274
27939563072080, 1038139
27939564112807, 1036974
27939565152262, 987190
27939566141832, 997054
27939567191054, 1018453
27939568211929, 969998
27939569184437, 971746
27939570158467, 977417
27939571138384, 1023847
27939572164626, 1085424
27939573252396, 966686
27939574221410, 950959
27939575174836, 975468
27939576152618, 971097
27939587236584, 1092014
27939588331151, 1025637
27939589359263, 996210
27939590357893, 984006
27939591344319, 997251
27939592343814, 1012247
27939593358523, 985403
27939594346239, 972568
27939595321229, 989333
27939596313006, 981278
27939597346327, 1039725
27939598388521, 995770
27939599387097, 980496
27939600369996, 976779
27939601349256, 1005272
27939602356801, 967010
27939603326370, 975330
27939604303927, 992968
27939605299589, 971724
27939606273843, 957702
27939607282778, 1251211
27939608536579, 1106342
27939609645559, 972165
27939610620139, 985216
27939611607891, 984461
27939612594727, 975013
27939613572198, 974351
27939614548945, 964444
27939615515756, 980232
27939616498251, 986495
27939638553046, 1060953
27939639616449, 1061021
27939640680101, 986525
27939641668892, 1040576
27939642711959, 978107
27939643692412, 8592858
27939652288469, 1480010
27939653770861, 1046682
27939654820057, 1027903
27939655850260, 1008074
27939656916249, 1018617
27939657937213, 980394
27939658920023, 972969
27939659895379, 1039703
27939660937623, 994377
27939661934341, 1045488
27939662982446, 1000173
27939663985048, 987721
27939664975269, 981154
27939665958778, 958726
27939698954352, 1351665
27939700308723, 1330186
27939701641687, 1334716
27939702978938, 1277794
27939704259456, 1326721
27939705588712, 1346171
27939706937627, 1344600
27939708284845, 1327522
27939709615297, 1295965
27939710913751, 1356582
27939712322417, 1348202
27939713673255, 1303249
27939714979416, 1363511
27939716345529, 1329175
27939717677476, 1347756
27939719027898, 1297730
27939720328363, 1335340
27939721666249, 1321187
27939722990053, 1368001
27939724360691, 1295492
27939766300370, 1338106
27939767641200, 1335172
27939768979076, 1319766
27939770301463, 1279335
27939771583708, 1339105
27939772925377, 1316156
27939774244112, 1327590
27939775574255, 1292492
27939776869539, 1354112
27939778226236, 1318721
27939779597363, 1390780
27939780990914, 1280002
27939782273758, 1223369
27939783499737, 1259969
27939784762482, 1189021
27939785954107, 1232512
27939787189391, 1220105
27939788412103, 1230463
27939789645324, 1188793
27939790836674, 1234364
27939792126621, 1217123
27939793346464, 1227866
27939794577106, 1203438
27939795783155, 1250459
27939797036414, 1328900
27939798368032, 1225042
27939799595828, 1333527
27939800931950, 1078018
27939802013658, 1038703
27939803054844, 982208
27939825985115, 1046337
27939827034049, 949352
27939827985879, 979425
27939828967821, 921770
27939829891991, 930289
27939830824690, 926720
27939831753933, 925841
27939832682135, 894869
27939833579409, 928762
27939834510478, 911145
27939844749978, 989494
27939845741926, 926332
27939846670747, 919303
27939847592333, 932915
27939848527772, 906821
27939849436989, 900438
27939850339953, 889449
27939851231673, 925191
27939852159579, 918839
27939853080735, 891060
27939854025646, 956215
27939854984185, 924394
27939855911187, 934834
27939856848543, 885444
27939857736679, 891704
27939858630915, 900308
27939859533849, 914894
27939860451179, 890939
27939861344729, 909120
27939862256251, 888517
27939863198173, 973391
27939864174059, 923359
27939865100058, 898975
27939866001375, 917575
27939866921600, 892489
27939867816529, 919222
27939868738320, 887784
27939869628489, 912298
27939870543542, 887271
27939871433198, 902495
27939881659582, 990439
27939882652631, 948169
27939883603661, 928530
27939884534663, 908939
27939885446053, 900366
27939886348967, 934472
27939887286125, 916552
27939888205153, 951607
27939889159541, 938732
27939890100845, 907303
27939909291577, 1012856
27939910307194, 944437
27939911254515, 951050
27939912208035, 914659
27939913125232, 939675
27939914067339, 909147
27939914978998, 892348
27939915873589, 956464
27939916832740, 894906
27939917729873, 911066
27939927827724, 1034719
27939928865064, 931535
27939929799204, 914262
27939930716028, 898575
27939931617248, 913420
27939932533154, 933759
27939933469699, 893509
27939934365570, 871375
27939935239564, 908291
27939936150340, 924582
27939937127015, 923098
27939938052910, 910164
27939938965710, 916513
27939939884742, 923956
27939940811318, 882156
27939941695744, 927212
27939942625363, 896447
27939943524094, 911011
27939944437697, 899512
27939945339667, 878627
27939982732727, 1005514
27939983740847, 965776
27939984709394, 943212
27939985655006, 937250
27939986594870, 916149
27939987513427, 924752
27939988440888, 978680
27939989422076, 930538
27939990355283, 893606
27939991251235, 918520
27940010511397, 994594
27940011508447, 987668
27940012498706, 1163557
27940013664613, 1001079
27940014668049, 986057
27940015656422, 984985
27940016643828, 991127
27940017637634, 1194250
27940018834603, 981328
27940019818400, 1034362
27940020905561, 1003386
27940021911431, 988796
27940022902732, 971873
27940023876934, 1016719
27940024896200, 962705
27940025861307, 982417
27940026846499, 966262
27940027815056, 989213
27940028806864, 980581
27940029789723, 962300
27940041000221, 1074934
27940042077801, 1024400
27940043104821, 1001898
27940044109280, 983221
27940045095154, 965874
27940046063373, 974516
27940047040595, 958132
27940048015431, 1012209
27940049030197, 984953
27940050017575, 977950
27940051047838, 1108435
27940052158935, 997602
27940053159229, 966857
27940054128390, 986834
27940055117801, 988291
27940056108511, 977448
27940057088605, 1002234
27940058093422, 988756
27940059084826, 1003549
27940060090889, 974866
27940061118121, 974059
27940062094648, 1027001
27940063124279, 995256
27940064121833, 969469
27940065093862, 966886
27940066063198, 957812
27940067023584, 950356
27940067976216, 1011687
27940068990557, 966394
27940069959384, 1013216
27940153071754, 1085342
27940154160100, 1007028
27940155170091, 1012509
27940156185030, 1006060
27940157193833, 982938
27940158179261, 1005678
27940159187647, 1006151
27940160196171, 1012567
27940161211460, 999338
27940162213153, 977935
27940173276698, 1066898
27940174346120, 1012336
27940175360989, 1006275
27940176369675, 980862
27940177353178, 998684
27940178354367, 1038303
27940179395353, 978609
27940180376236, 1643270
27940182022283, 1060938
27940183085675, 1047005
27940184185159, 1037651
27940185225629, 992729
27940186221095, 971531
27940187195093, 1006167
27940188203962, 1001656
27940189208018, 997253
27940190208004, 1001149
27940191211763, 1008505
27940192222837, 969631
27940193194868, 994069
27940194241415, 994816
27940195238730, 994310
27940196235793, 1000475
27940197238675, 975111
27940198216480, 981233
27940199200088, 985709
27940200188519, 1000941
27940201191780, 1009389
27940202203876, 990428
27940203196661, 991454
27940204240060, 1092139
27940205334963, 1016151
27940206353910, 992115
27940207348405, 1011064
27940208362086, 1029422
27940209393863, 988628
27940210384927, 960543
27940211347795, 1003059
27940212353542, 971754
27940213327816, 949274
27940214329704, 1005989
27940215338250, 977635
27940216318620, 968442
27940217289412, 970976
27940218262998, 981498
27940219246881, 977120
27940220226800, 972781
27940221202266, 1005040
27940222209919, 970132
27940223182517, 969642
27940244306639, 1062512
27940245371686, 1018589
27940246392914, 980205
27940247375538, 976048
27940248354315, 991500
27940249348290, 979837
27940250330618, 982818
27940251315831, 1038026
27940252356287, 981521
27940253340083, 982166
27940254374820, 989741
27940255367030, 976689
27940256346326, 994220
27940257342958, 1008479
27940258354041, 1005278
27940259361568, 981889
27940260346013, 958247
27940261306445, 999899
27940262309016, 982066
27940263293513, 976017
27940264322309, 1061094
27940265385914, 976884
27940266365378, 963853
27940267331546, 999017
27940268333133, 962283
27940269297704, 1017444
27940270317523, 995936
27940271315920, 1003113
27940272321491, 961620
27940273285457, 974617
27940274311774, 988295
27940275302354, 990114
27940276294833, 984788
27940277282027, 995930
27940278280785, 988674
27940279271796, 969163
27940280243428, 953039
27940281198864, 978767
27940282180349, 969130
27940283151789, 978559
27940294351812, 1033256
27940295387817, 1032305
27940296422667, 1024386
27940297449623, 992272
27940298444540, 960343
27940299407281, 1003265
27940300413062, 995393
27940301410953, 1033753
27940302447294, 989717
27940303439405, 989588
27940304481432, 1023932
27940305507820, 1011232
27940306521668, 973844
27940307497942, 995255
27940308495816, 957767
27940309456218, 961447
27940310420378, 968417
27940311391129, 1005535
27940312399459, 1000868
27940313402690, 970715
27940314425327, 1022175
27940315450065, 1038127
27940316490967, 973316
27940317466615, 1003421
27940318472615, 974259
27940319449172, 990659
27940320442454, 989230
27940321434031, 981707
27940322418327, 963838
27940323384605, 1007627
27940335769917, 1091535
27940336864151, 1080586
27940337947378, 1210521
27940339160499, 1023806
27940340186922, 1041999
27940341231351, 1703231
27940342937508, 1743612
27940344683634, 1117316
27940345803558, 1028559
27940346834453, 999289
27940418052567, 1030898
27940419086297, 1034557
27940420123634, 4001354
27940424127425, 1042196
27940425172103, 989655
27940426164287, 960968
27940427127890, 976549
27940428106928, 1002170
27940429111653, 998459
27940430112534, 987589
27940460959015, 1075744
27940462037409, 1078806
27940463118716, 1032136
27940464153223, 1011980
27940465167701, 1009215
27940466179281, 981416
27940467163255, 985936
27940468151669, 1011489
27940469165751, 969378
27940470137484, 962014
27940471151091, 1071268
27940472224842, 1015113
27940473242530, 969526
27940474214290, 962390
27940475179272, 978485
27940476160116, 1441005
27940477603529, 1204077
27940478810004, 963138
27940479775588, 907536
27940480685565, 882985
27940517704641, 982432
27940518689693, 913795
27940519606180, 910629
27940520519214, 881113
27940521402669, 903465
27940522308505, 901412
27940523212482, 974024
27940524188981, 924763
27940525116232, 893817
27940526012337, 919594
27940536266819, 1029791
27940537299206, 960816
27940538262698, 936023
27940539201081, 942412
27940540146108, 929743
27940541078218, 946553
27940542027435, 895741
27940542925540, 885372
27940543813469, 899796
27940544715549, 884361
27940573306072, 962342
27940574270970, 891758
27940575165311, 878208
27940576045880, 921595
27940576970111, 869154
27940577841618, 895622
27940578739855, 915539
27940579657942, 1177494
27940580838097, 970057
27940581810533, 926821
27940582775885, 960324
27940583738684, 917406
27940584658715, 885902
27940585546954, 874855
27940586424449, 876953
27940587303587, 885828
27940588191986, 873785
27940589068026, 889554
27940589960409, 897029
27940590859856, 906402
27940600938853, 975551
27940601916844, 972266
27940602891785, 922473
27940603816601, 920480
27940604739761, 882404
27940605624571, 910743
27940606537879, 885079
27940607425299, 893861
27940608321681, 896947
27940609221049, 866026
27940610124654, 945850
27940611072855, 900736
27940611976071, 907826
27940612886182, 872520
27940613761072, 896368
27940614659745, 880343
27940615542591, 886884
27940616431829, 889599
27940617323975, 875746
27940618202064, 880971
27940637043920, 1036136
27940638082895, 958208
27940639043816, 915415
27940639961663, 923729
27940640887960, 921796
27940641811996, 927657
27940642742063, 892155
27940643636356, 917473
27940644556383, 888875
27940645447553, 879238
27940646364052, 928139
27940647294566, 921229
27940648218330, 900826
27940649121586, 888915
27940650013175, 896130
27940650911724, 873355
27940651787688, 1151839
27940652942090, 892768
27940653837372, 880957
27940654720609, 852624
27940655613289, 960093
27940656575751, 891045
27940657469425, 888846
27940658360563, 916051
27940659279288, 924362
27940660206035, 896854
27940661105181, 902462
27940662009953, 895315
27940662907684, 868023
27940663778002, 920361
27940682785444, 956799
27940683744853, 959128
27940684706754, 898248
27940685607373, 885848
27940686495806, 865189
27940687363256, 888113
27940688253762, 918416
27940689174513, 876247
27940690053223, 895320
27940690950671, 929442
27940713433892, 1051657
27940714488175, 923458
27940715414291, 905229
27940716321911, 910373
27940717234861, 916710
27940718153987, 903220
27940719059835, 886859
27940719948954, 921595
27940720873136, 899324
27940721774848, 893000
27940722705797, 939842
27940723648074, 907058
27940724557575, 874806
27940725434666, 878293
27940726315434, 876125
27940727193743, 879166
27940728075390, 886108
27940728963564, 878675
27940729844860, 857574
27940730704625, 842145
27940731584036, 939366
27940732525795, 891055
27940733419309, 877682
27940734299081, 866372
27940735167595, 900185
27940736070118, 866690
27940736939231, 845891
27940737787228, 903636
27940738693022, 892750
27940739587980, 894090
27940758346724, 964196
27940759313456, 908368
27940760224405, 884071
27940761110824, 873389
27940761986703, 907295
27940762896482, 876219
27940763775308, 887699
27940764665177, 905334
27940765572989, 867622
27940766442697, 853645
27940793821275, 981466
27940794805146, 934855
27940795742482, 920893
27940796665647, 883065
27940797551052, 880272
27940798433611, 897067
27940799333391, 883840
27940800219441, 867142
27940801089024, 901925
27940801993411, 907199
27940820592935, 969565
27940821564921, 934452
27940822501763, 924821
27940823428904, 925097
27940824356712, 913221
27940825272268, 918901
27940826193744, 893958
27940827090071, 872204
27940827964738, 919073
27940828886334, 863803
27940829787873, 988516
27940830778610, 904320
27940831685440, 909336
27940832597242, 873578
27940833473236, 899804
27940834375387, 888052
27940835265922, 881234
27940836149321, 852792
27940837004269, 871075
27940837877520, 867017
27940838782023, 945829
27940839730483, 901007
27940840634035, 862623
27940841498872, 862064
27940842363329, 875764
27940843241304, 872246
27940844116064, 895142
27940845013391, 854246
27940845870022, 834347
27940846706454, 840203
27940847583530, 900475
27940848486325, 844039
27940849332764, 844890
27940850179765, 848255
27940851030445, 840637
27940851873306, 895944
27940852771666, 862125
27940853635907, 847615
27940854485857, 851718
27940855339865, 864362
27940874191611, 962329
27940875156355, 969339
27940876128038, 879329
27940877009588, 928200
27940877940237, 909259
27940878851836, 900696
27940879755164, 885316
27940880642803, 883841
27940881529129, 898544
27940882429996, 873782
27940892249120, 1010512
27940893262204, 917787
27940894182609, 896108
27940895081004, 885958
27940895969405, 921066
27940896892851, 898146
27940897793722, 881647
27940898677760, 870381
27940899550610, 881891
27940900434994, 855159
27940901327421, 918535
27940902248454, 873498
27940903124493, 852951
27940903979626, 900877
27940904882888, 877338
27940905762556, 849290
27940906614383, 852256
27940907468917, 884656
27940908356057, 841213
27940909199450, 835467
27940918931398, 951525
27940919885721, 933012
27940920821477, 883121
27940921706934, 881497
27940922591047, 863467
27940923456768, 881842
27940924340996, 847470
27940925190624, 863794
27940926056964, 880470
27940926939653, 864535
27940936670397, 954980
27940937627995, 929697
27940938560482, 896215
27940939458897, 891012
27940940352370, 871596
27940941226002, 904934
27940942133422, 882765
27940943018424, 852029
27940943872790, 900801
27940944776012, 874881
27940945687985, 874428
27940946564615, 1084870
27940947651761, 902695
27940948556702, 894749
27940949454129, 891146
27940950347596, 862173
27940951212090, 871701
27940952086306, 901944
27940952990832, 840878
27940953833812, 855987
27940954727129, 932869
27940955662399, 905555
27940956570524, 865864
27940957438632, 847331
27940958288408, 867123
27940959157865, 861228
27940960021548, 847079
27940960870843, 861694
27940961735111, 876696
27940962614133, 832438
27940980898904, 920634
27940981822224, 890478
27940982715484, 896044
27940983613945, 882012
27940984498597, 860801
27940985361780, 947713
27940986312265, 893301
27940987207840, 872310
27940988082777, 899936
27940988985124, 894812
27940989917398, 892587
27940990812160, 914053
27940991728713, 920520
27940992651500, 870851
27940993524798, 936986
27940994464342, 879431
27940995346322, 868443
27940996217205, 850935
27940997070520, 874878
27940997947673, 2344981
27941009265189, 959531
27941010227238, 907171
27941011137135, 893402
27941012032955, 897373
27941012932778, 869237
27941013804505, 868428
27941014675520, 843826
27941015521804, 942410
27941016466792, 891895
27941017361018, 1032387
27941044481636, 969002
27941045453111, 913579
27941046369347, 875072
27941047246768, 880814
27941048130138, 864736
27941048997209, 868986
27941049868883, 1064745
27941050936132, 849900
27941051788681, 971026
27941052762319, 877055
27941062418905, 974300
27941063395815, 950288
27941064348721, 879263
27941065230394, 869345
27941066102256, 869562
27941066974230, 900872
27941067877658, 933872
27941068813935, 879044
27941069695463, 861030
27941070558783, 878934
27941080495114, 1159467
27941081657090, 945026
27941082604724, 901908
27941083509028, 886200
27941084397911, 897167
27941085297523, 870149
27941086170219, 873466
27941087045930, 916780
27941087965157, 937241
27941088904736, 865281
27941098655741, 947521
27941099606023, 897528
27941100506227, 855612
27941101364168, 854074
27941102220702, 842321
27941103065365, 845951
27941103913823, 855598
27941104771759, 839139
27941105613263, 887192
27941106503045, 888142
27941116172024, 913208
27941117087736, 880700
27941117971038, 881033
27941118854356, 849811
27941119706581, 845850
27941120554656, 833833
27941121390942, 881447
27941122274670, 832546
27941123109803, 838316
27941123950481, 884544
27941124871595, 852410
27941125726422, 822288
27941126551218, 845493
27941127398918, 836728
27941128238229, 863140
27941129103599, 831094
27941129937032, 819488
27941130758737, 809143
27941131570377, 857105
27941132429806, 855202
27941133322306, 863459
27941134188320, 833540
27941135024348, 822580
27941135849162, 846697
27941136698431, 1059357
27941137760168, 882370
27941138645031, 868182
27941139515688, 900771
27941140419160, 859403
27941141280968, 880283
27941150900232, 986921
27941151889512, 925163
27941152817182, 882090
27941153701692, 878815
27941154582974, 861380
27941155446615, 842822
27941156291986, 845426
27941157139589, 834278
27941157976144, 833525
27941158811842, 823653
27941168385346, 914108
27941169302014, 895644
27941170200161, 938134
27941171140668, 886282
27941172029499, 865521
27941172897241, 1021694
27941173921406, 891480
27941174815087, 857334
27941175674750, 874526
27941176551520, 865895
27941177454216, 878710
27941178335139, 873888
27941179211247, 855373
27941180069072, 849553
27941180921278, 829705
27941181753165, 871777
27941182627537, 841463
27941183471261, 865678
27941184339523, 872466
27941185214268, 846129
27941203742286, 958540
27941204703416, 885375
27941205591622, 859645
27941206453864, 864128
27941207320778, 861254
27941208184390, 851314
27941209038295, 854230
27941209894755, 839394
27941210736456, 831655
27941211570398, 878764
27941246892954, 923518
27941247818987, 922042
27941248743695, 881598
27941249627659, 848151
27941250478143, 830133
27941251310544, 868710
27941252181909, 871948
27941253056208, 843007
27941253901605, 871614
27941254775575, 829262
27941264208808, 2761350
27941266972610, 904150
27941267879244, 886610
27941268768133, 845891
27941269616470, 827855
27941270446556, 829126
27941271278336, 865954
27941272146647, 836431
27941272985610, 841656
27941273829514, 836332
27941300989902, 927741
27941301920083, 906957
27941302829528, 862545
27941303694424, 849047
27941304545786, 846897
27941305394950, 854966
27941306252399, 847252
27941307101944, 832761
27941307937117, 870763
27941308810207, 841716
27941318095755, 921899
27941319020322, 894197
27941319917061, 886077
27941320805654, 846210
27941321654311, 846583
27941322503151, 853867
27941323359424, 850907
27941324212737, 828978
27941325044295, 846768
27941325893809, 842182
27941326772599, 850426
27941327625423, 842119
27941328470032, 844116
27941329316420, 836198
27941330155063, 821501
27941330978834, 921056
27941331902471, 916872
27941332821901, 887033
27941333711801, 866970
27941334582207, 890084
27941335509650, 881346
27941336393248, 828776
27941337224342, 823023
27941338049623, 850269
27941338902345, 824245
27941339728821, 837912
27941340569228, 858378
27941341429841, 864339
27941342296759, 835577
27941343134676, 877648
27941369414573, 942523
27941370359720, 884389
27941371246594, 902967
27941372151913, 858468
27941373012777, 837773
27941373852953, 842626
27941374697961, 852274
27941375552707, 877125
27941376432496, 853724
27941377288472, 852061
27941395129948, 969688
27941396102339, 915903
27941397020889, 893894
27941397917192, 897795
27941398817622, 856135
27941399676051, 843246
27941400521766, 834808
27941401358834, 834025
27941402195198, 814621
27941403011997, 850967
27941420808660, 948119
27941421759241, 941567
27941422703197, 870379
27941423575826, 890166
27941424468400, 871137
27941425341859, 830071
27941426174190, 830952
27941427007372, 834203
27941427844095, 857930
27941428704174, 846904
27941437969816, 925561
27941438897842, 878174
27941439778581, 920739
27941440701690, 874792
27941441578863, 886858
27941442467888, 883323
27941443353532, 908090
27941444264073, 861560
27941445127866, 822917
27941445952980, 852176
27941446842241, 884123
27941447728530, 853138
27941448583944, 820846
27941449406997, 830372
27941450239590, 815191
27941451056900, 842803
27941451902176, 871481
27941452775827, 832134
27941453610124, 823328
27941454435615, 833544
27941480537067, 948526
27941481488211, 890056
27941482380529, 862778
27941483245372, 865129
27941484112889, 1068345
27941485183451, 1031495
27941486217296, 828758
27941487048175, 849155
27941487899558, 859379
27941488761090, 895906
27941489693743, 908181
27941490604227, 854465
27941491461191, 849726
27941492313155, 833721
27941493149366, 835728
27941493987182, 828939
27941494818667, 847183
27941495667830, 858989
27941496529040, 826987
27941497358076, 837405
27941506945636, 893883
27941507841909, 871134
27941508715230, 863695
27941509581270, 854384
27941510437938, 823878
27941511264009, 873983
27941512140523, 861592
27941513004507, 831841
27941513838793, 822132
27941514663220, 819696
27941515519774, 936821
27941516458849, 830290
27941517291517, 858078
27941518151842, 878546
27941519032709, 826933
27941519861732, 864578
27941520728796, 845344
27941521576231, 828575
27941522407063, 804653
27941523213831, 849026
27941587499354, 1225055
27941588727237, 991068
27941589720905, 942898
27941590666053, 908266
27941591576767, 943586
27941592522515, 920752
27941593445863, 895112
27941594343162, 911891
27941595257557, 1329475
27941596589269, 969396
27941606754933, 982770
27941607739965, 971482
27941608713855, 939051
27941609655147, 912405
27941610569900, 894406
27941611466413, 917007
27941612385866, 891774
27941613279726, 912876
27941614194837, 882377
27941615079270, 877597
27941615993921, 958782
27941616955012, 890001
27941617847301, 920628
27941618770146, 898831
27941619671367, 954278
27941620627721, 911264
27941621541407, 908171
27941622451634, 894375
27941623348490, 903813
27941624254428, 897348
27941652868136, 1041267
27941653911911, 951310
27941654865782, 912286
27941655780294, 919734
27941656702311, 920750
27941657625295, 916852
27941658544463, 896852
27941659443482, 926145
27941660372023, 894997
27941661269160, 905708
27941671647388, 1021018
27941672670868, 946775
27941673620128, 931386
27941674553820, 908864
27941675465175, 903535
27941676370896, 916139
27941677289551, 899058
27941678190871, 894674
27941679087950, 867608
27941679957677, 943789
27941689964019, 981732
27941690948252, 1396976
27941692348156, 1232199
27941693582996, 1249363
27941694835213, 1218617
27941696056555, 1265858
27941697325146, 1275225
27941698602979, 1261660
27941699867598, 1244701
27941701114952, 1231692
27941702385333, 1211863
27941703599939, 1297439
27941704900277, 1219771
27941706122638, 1241626
27941707367206, 1273610
27941708643401, 1226271
27941709872625, 1257645
27941711132961, 1244310
27941712380076, 1263240
27941713645967, 1216361
27941740286220, 1263141
27941741552185, 1282781
27941742837807, 1276224
27941744116761, 1250191
27941745369764, 1260142
27941746632534, 1214947
27941747850221, 1295156
27941749148063, 1221492
27941750372211, 1259558
27941751634430, 1245323
27941802608340, 1262584
27941803873566, 1254719
27941805131035, 1232423
27941806366119, 1243473
27941807612462, 1263228
27941808878336, 1229515
27941810110747, 1193618
27941811306871, 1292302
27941812602065, 1223395
27941813828313, 1248371
27941827498241, 1323087
27941828823925, 1326564
27941830153236, 1145621
27941831301305, 1056924
27941832360894, 969062
27941833332326, 923282
27941834258224, 930231
27941835190761, 959086
27941836152385, 932183
27941837086893, 919703
27941847263310, 1021269
27941848286992, 966176
27941849255476, 943113
27941850200844, 957816
27941851160991, 978199
27941852141532, 928866
27941853072891, 907152
27941853982142, 938911
27941854923361, 940831
27941855866385, 926013
27941868034310, 1040635
27941869077560, 954563
27941870034706, 921325
27941870958301, 918963
27941871879608, 962301
27941872844097, 908806
27941873755119, 888432
27941874645856, 897531
27941875545900, 947603
27941876495615, 897593
27941877430356, 955952
27941878388815, 908829
27941879300205, 906940
27941880209422, 905452
27941881117298, 912929
27941882032523, 925157
27941882959934, 898183
27941883860261, 935402
27941884798127, 913332
27941885713844, 929178
27941886677600, 930294
27941887610118, 923006
27941888535509, 916881
27941889454710, 881969
27941890339120, 888134
27941891229591, 920547
27941892152736, 889647
27941893044604, 898739
27941893945768, 887530
27941894835508, 884126
27941895754273, 931681
27941896688318, 883558
27941897574324, 902632
27941898479160, 889014
27941899370598, 900512
27941900273482, 886283
27941901162196, 884310
27941902048782, 893014
27941902944231, 890014
27941903836444, 1019680
27941914167862, 996063
27941915166442, 968796
27941916137783, 933632
27941917073763, 903419
27941917979572, 929787
27941918911626, 914415
27941919828449, 929262
27941920759986, 929059
27941921691384, 924341
27941922617875, 896625
27941979765444, 1024211
27941980792094, 993249
27941981787738, 958810
27941982748840, 928793
27941983680101, 935436
27941984617649, 901618
27941985521356, 924451
27941986447826, 915477
27941987365654, 929068
27941988296921, 928506
27941989260088, 923152
27941990185295, 923507
27941991111223, 930259
27941992043850, 932286
27941992978538, 916491
27941993897384, 904867
27941994804589, 907034
27941995713807, 920582
27941996636908, 880997
27941997520025, 900590
27942008367095, 1018493
27942009388166, 956927
27942010347492, 935003
27942011284861, 927980
27942012215376, 922421
27942013139991, 921867
27942014064257, 938053
27942015004676, 1012044
27942016019324, 998653
27942017020164, 915060
27942017971195, 1023737
27942018997263, 923902
27942019923550, 981664
27942020907442, 882301
27942021792149, 911777
27942022706064, 862638
27942023570929, 895109
27942024468258, 915975
27942025386471, 892094
27942026280752, 902329
27942054563266, 1047802
27942055613412, 982745
27942056598601, 915589
27942057516329, 909875
27942058428452, 925408
27942059355912, 962973
27942060321083, 892669
27942061215910, 891116
27942062109448, 911736
27942063023206, 882020
27942073125283, 1001729
27942074129610, 930977
27942075062952, 929970
27942075995161, 925448
27942076922918, 901058
27942077826270, 911009
27942078739693, 893436
27942079635403, 918588
27942080556456, 891169
27942081449922, 890441
27942100467260, 1013126
27942101482990, 951619
27942102437089, 909413
27942103348627, 907397
27942104258480, 1047007
27942105307740, 1181054
27942106491657, 1022064
27942107516132, 967850
27942108486476, 926631
27942109415382, 911984
27942110361083, 939396
27942111302795, 956972
27942112262185, 928934
27942113193235, 910239
27942114105828, 886999
27942114995061, 898297
27942115896004, 945442
27942116843820, 923832
27942117770173, 908790
27942118681207, 1021660
27942128936084, 1012785
27942129951452, 961071
27942130915192, 925766
27942131843128, 982330
27942132827999, 932313
27942133762533, 898606
27942134663448, 909355
27942135574984, 918436
27942136495953, 928853
27942137427369, 927274
27942138388441, 1003186
27942139393825, 958220
27942140354326, 919194
27942141275741, 917157
27942142195235, 924168
27942143121573, 913017
27942144036974, 2925139
27942146964528, 1004606
27942147971592, 972761
27942148946625, 918924
27942159038188, 1011658
27942160052547, 959974
27942161014941, 930311
27942161947586, 922271
27942162872196, 915832
27942163790235, 1012698
27942164805343, 925467
27942165732935, 877728
27942166613040, 899204
27942167514336, 905331
27942177686883, 989364
27942178679071, 934308
27942179616012, 911208
27942180529553, 907407
27942181439649, 934596
27942182376457, 896083
27942183275042, 912250
27942184189505, 906078
27942185098290, 899727
27942186000136, 895370
27942186930325, 942475
27942187875090, 1666104
27942189543598, 962657
27942190508466, 907606
27942191418462, 899320
27942192320022, 941307
27942193263837, 891375
27942194157499, 935300
27942195095388, 904285
27942196017888, 944960
27942215300758, 1014609
27942216317905, 941423
27942217261748, 919963
27942218183933, 917425
27942219103705, 889410
27942219995360, 932514
27942220930285, 896930
27942221829606, 925641
27942222757977, 923001
27942223683148, 908295
27942224626154, 964503
27942225593030, 932784
27942226528249, 888540
27942227418990, 899770
27942228321089, 921263
27942229244472, 914989
27942230161774, 956379
27942231120350, 908658
27942232031541, 911003
27942232944649, 921980
27942243159787, 1085405
27942244247753, 972360
27942245222506, 953765
27942246178595, 911909
27942247092857, 900307
27942247995364, 953214
27942248951006, 902095
27942249855152, 931780
27942250789311, 917560
27942251709054, 921527
27942252665026, 933056
27942253600256, 897329
27942254500085, 873193
27942255375457, 907152
27942256285321, 909120
27942257196815, 886346
27942258085651, 884640
27942258972485, 893841
27942259868716, 915266
27942260786143, 870741
27942270869434, 1024929
27942271896835, 993320
27942272892604, 951587
27942273846460, 913471
27942274762323, 906992
27942275671648, 964862
27942276638926, 905385
27942277546599, 892013
27942278440965, 891566
27942279334727, 928982
27942280298232, 937649
27942281237910, 938069
27942282178320, 911295
27942283091704, 869756
27942283963622, 945387
27942284911155, 916196
27942285829737, 873763
27942286705511, 885613
27942287593427, 896347
27942288491865, 884846
27942298508918, 997782
27942299509357, 940969
27942300452690, 905447
27942301360345, 922471
27942302285125, 914677
27942303202141, 901076
27942304105835, 875842
27942304983896, 853751
27942305840052, 873411
27942306715613, 865911
27942307617236, 958508
27942308578333, 919701
27942309500665, 889129
27942310393292, 875294
27942311271303, 915561
27942312189173, 887401
27942313079065, 869170
27942313950379, 883348
27942314836171, 867328
27942315705686, 889941
27942316632187, 939468
27942317573923, 909809
27942318486261, 892250
27942319380707, 903842
27942320286878, 911845
27942321200941, 880955
27942322084397, 886399
27942322973080, 885757
27942323861151, 909565
27942324772821, 921406
27942352753018, 1022571
27942353778284, 934324
27942354715155, 900540
27942355617846, 939175
27942356559369, 904017
27942357465556, 912795
27942358380826, 926827
27942359309824, 896778
27942360208883, 904210
27942361115224, 903151
27942380425136, 975985
27942381403869, 975916
27942382382344, 939563
27942383324164, 937804
27942384264407, 915624
27942385182210, 916387
27942386101059, 907006
27942387010254, 898240
27942387911101, 948322
27942388861760, 915559
27942389812405, 1066687
27942390881467, 917981
27942391801876, 974569
27942392778627, 901772
27942393682969, 901307
27942394586478, 910787
27942395499685, 903292
27942396405125, 888077
27942397295436, 921646
27942398219372, 912661
27942435660925, 1032704
27942436696187, 947925
27942437646718, 2659119
27942440308308, 958278
27942441269031, 970767
27942442242029, 907070
27942443151681, 916241
27942444070182, 930877
27942445003425, 901146
27942445906658, 882662
27942446824116, 941986
27942447768370, 938490
27942448709268, 891622
27942449603076, 907861
27942450513270, 889621
27942451405113, 916305
27942452323761, 896886
27942453222942, 887283
27942454112688, 872398
27942454987201, 878694
27942455900520, 949688
27942456852649, 933581
27942457788528, 913528
27942458704126, 895466
27942459601841, 927878
27942460532037, 881636
27942461416132, 894537
27942462312916, 901875
27942463217301, 915996
27942464135513, 915774
27942474240227, 947610
27942475190432, 976839
27942476169846, 939727
27942477111852, 896523
27942478010972, 931944
27942478945195, 878592
27942479826176, 930114
27942480758658, 898867
27942481659894, 898525
27942482560709, 868944
27942483464078, 966686
27942484433153, 909469
27942485345408, 968933
27942486316780, 907598
27942487226741, 973997
27942488203027, 897714
27942489103320, 868960
27942489974397, 864821
27942490841489, 877501
27942491721145, 906466
27942510675753, 982493
27942511660739, 961290
27942512624584, 914031
27942513540825, 890179
27942514433411, 896440
27942515331959, 892545
27942516226994, 887642
27942517116737, 866715
27942517985901, 863315
27942518851285, 864370
27942546665851, 1039687
27942547708058, 968844
27942548679330, 904511
27942549585995, 881540
27942550470087, 950231
27942551422592, 1189160
27942552614595, 968108
27942553585115, 920598
27942554508179, 898263
27942555408677, 898123
27942565919386, 953571
27942566875465, 850783
27942567728760, 841186
27942568572069, 816449
27942569390928, 784310
27942570177373, 894400
27942571074155, 844826
27942571921064, 842691
27942572766215, 826214
27942573594786, 977910
27942574607920, 886365
27942575496635, 827452
27942576326459, 830286
27942577158835, 804201
27942577965526, 818050
27942578785803, 778684
27942579566803, 810662
27942580379543, 817686
27942581199572, 782047
27942581983652, 796082
27942582814645, 792789
27942583609630, 806636
27942584418772, 783901
27942585204680, 759389
27942585966267, 776031
27942586744419, 850583
27942587597473, 856209
27942588455910, 821712
27942589279859, 788786
27942590070846, 761826
27942590867051, 837030
27942591706430, 838600
27942592547543, 770206
27942593319715, 757695
27942594079602, 766399
27942594848130, 801013
27942595651605, 831794
27942596485531, 792545
27942597280556, 766062
27942598048728, 807016
27942620382419, 1205564
27942621590691, 1140628
27942622734133, 1138685
27942623875416, 1721157
27942625599188, 1242062
27942626843905, 1150551
27942627997247, 1172085
27942629171926, 1163590
27942630338292, 1136462
27942631477330, 1443708
27942632956493, 1039722
27942633998690, 898520
27942634899706, 855101
27942635757028, 851268
27942636610842, 803915
27942637417043, 835356
27942638254826, 838005
27942639095038, 805783
27942639903107, 863230
27942640768713, 834602
27942641637999, 880362
27942642520715, 813140
27942643336328, 822527
27942644160960, 816818
27942644980251, 835979
27942645818444, 834661
27942646655477, 813515
27942647471199, 835408
27942648308882, 839243
27942649150264, 817107
27942674736975, 900609
27942675640120, 855755
27942676498462, 817425
27942677318211, 792592
27942678113256, 797605
27942678913093, 802268
27942679717678, 806964
27942680526967, 795424
27942681324879, 792493
27942682126317, 789590
27942682949805, 851323
27942683803305, 836655
27942684642285, 792353
27942685436735, 782709
27942686221882, 838574
27942687062711, 796340
27942687861367, 824965
27942688688539, 797160
27942689487933, 772644
27942690262659, 821883
27942699347489, 929293
27942700279483, 893783
27942701175876, 845791
27942702023819, 826287
27942702852589, 795334
27942703650020, 830885
27942704483427, 796706
27942705282360, 778970
27942706063762, 858198
27942706924120, 835715
27942716025112, 887181
27942716914877, 845689
27942717763158, 854229
27942718619516, 824434
27942719446244, 2459178
27942721907766, 896162
27942722806290, 846306
27942723654778, 840468
27942724497717, 800200
27942725300130, 840993
27942766518051, 889554
27942767410276, 876911
27942768289675, 815807
27942769107667, 797307
27942769907269, 790800
27942770700231, 807308
27942771509990, 818809
27942772330901, 794997
27942773128209, 793899
27942773924258, 790279
27942774748127, 826287
27942775576683, 814667
27942776393776, 806223
27942777202143, 818222
27942778022733, 814994
27942778839773, 796100
27942779637980, 815129
27942780455100, 806567
27942781264132, 787433
27942782053657, 819756
27942799005060, 908581
27942799916124, 884064
27942800802742, 838150
27942801642880, 846928
27942802492309, 828664
27942803323043, 823836
27942804149255, 805037
27942804956408, 835926
27942805794758, 810087
27942806606964, 805483
27942807446609, 861235
27942808310080, 824623
27942809137037, 792688
27942809931692, 786405
27942810720332, 790229
27942811512626, 864453
27942812379290, 818172
27942813199443, 819438
27942814021218, 817574
27942814840854, 800534
27942823751632, 933129
27942824687295, 849811
27942825539408, 841357
27942826383041, 857978
27942827243373, 849628
27942828095236, 830629
27942828928420, 832059
27942829762646, 810911
27942830576031, 793451
27942831371521, 848384
27942832253616, 844322
27942833100052, 806221
27942833908560, 811414
27942834722008, 809681
27942835533960, 855890
27942836391994, 807850
27942837201972, 803777
27942838007905, 799334
27942838809516, 788469
27942839600080, 821007
27942864435273, 985223
27942865423088, 846888
27942866272449, 815194
27942867089737, 791222
27942867883122, 813765
27942868699015, 808652
27942869510188, 804397
27942870316768, 781121
27942871100393, 800303
27942871902760, 833851
27942903562340, 952219
27942904516944, 844046
27942905363444, 810713
27942906176552, 786487
27942906965324, 786186
27942907753692, 813682
27942908569862, 810350
27942909382436, 789743
27942910174651, 824825
27942911001785, 816199
27942928899213, 922763
27942929824589, 846240
27942930673409, 821061
27942931496729, 823058
27942932321951, 812144
27942933136043, 809048
27942933947524, 776621
27942934726186, 791939
27942935520447, 795854
27942936318447, 765379
27942937117621, 836242
27942937955985, 845029
27942938803145, 787182
27942939592327, 802098
27942940396687, 833904
27942941232676, 794349
27942942029355, 872179
27942942903659, 803063
27942943709092, 807301
27942944518750, 773254
27942945325903, 836326
27942946164677, 802812
27942946970155, 789862
27942947762182, 837783
27942948602160, 796354
27942949400586, 781831
27942950184817, 802837
27942950989786, 785770
27942951777888, 809102
27942952589101, 813876
27942953436879, 796007
27942954235116, 771098
27942955008540, 786004
27942955796585, 812215
27942956611010, 787903
27942957400959, 786778
27942958190017, 792833
27942958984921, 766752
27942959753863, 781601
27942960537483, 801788
27942961372887, 803664
27942962178693, 800560
27942962981519, 780342
27942963763997, 809321
27942964575493, 975712
27942965553223, 888540
27942966444089, 820446
27942967266506, 825980
27942968094917, 838081
27942968935114, 818213
27942969787149, 876369
27942970665916, 842300
27942971510689, 2515206
27942974028137, 859231
27942974889685, 807212
27942975698964, 819476
27942976520884, 823795
27942977346751, 808696
27942978157611, 800274
27942978959919, 832639
27942996853096, 897109
27942997752775, 847015
27942998602251, 814774
27942999419352, 828184
27943000250217, 826149
27943001078588, 813502
27943001894427, 804912
27943002701571, 792486
27943003496515, 805522
27943004304220, 814151
27943021842172, 906519
27943022751135, 854056
27943023607594, 836963
27943024446952, 801456
27943025250805, 796162
27943026049081, 761607
27943026812924, 800999
27943027616149, 827224
27943028445745, 780398
27943029228342, 780914
27943046807707, 944079
27943047754354, 880963
27943048637866, 824869
27943049464896, 840878
27943050308198, 819285
27943051129727, 793227
27943051925214, 836115
27943052763545, 812956
27943053578851, 793506
27943054374432, 794364
27943063915216, 922988
27943064840588, 831827
27943065674800, 1057864
27943066734791, 839826
27943067576856, 828592
27943068407569, 821999
27943069231925, 801886
27943070035915, 794985
27943070833045, 830097
27943071665243, 837667
27943081507288, 878275
27943082388086, 816920
27943083207379, 915283
27943084124914, 850762
27943084978241, 792088
27943085772487, 820794
27943086595593, 790874
27943087388560, 796156
27943088186911, 825545
27943089014606, 812548
27943098907747, 922651
27943099832932, 857492
27943100692987, 868730
27943101563966, 823919
27943102390482, 792411
27943103185057, 851707
27943104039340, 831884
27943104873465, 807452
27943105683133, 814796
27943106500111, 799325
27943107334289, 871311
27943108207963, 854675
27943109064907, 824342
27943109891377, 832683
27943110726351, 1030385
27943111758864, 875691
27943112637019, 811216
27943113450317, 791764
27943114244420, 807213
27943115053783, 821592
27943134184284, 897588
27943135084281, 861269
27943135947908, 848101
27943136798217, 823181
27943137623652, 801992
27943138427662, 803465
27943139233340, 799772
27943140035199, 854283
27943140891953, 837396
27943141731527, 823282
27943167162255, 915118
27943168079840, 875175
27943168957322, 813949
27943169773325, 1036884
27943170812679, 824916
27943171639771, 834634
27943172476689, 807331
27943173286126, 788274
27943174076642, 789916
27943174868784, 780348
27943175683271, 815362
27943176500721, 772917
27943177275844, 767640
27943178045595, 775475
27943178823472, 789485
27943179615063, 800477
27943180417805, 790344
27943181210373, 780596
27943181993145, 801860
27943182797004, 776690
27943183607272, 855828
27943184465402, 808707
27943185276736, 787192
27943186066051, 790830
27943186859301, 790521
27943187652044, 816800
27943188471182, 785205
27943189258609, 787598
27943190048402, 770247
27943190820748, 792068
27943210786144, 1267398
27943212056417, 1189478
27943213248862, 1163547
27943214414969, 1126821
27943215544459, 1185276
27943216732280, 1124125
27943217859132, 1146257
27943219007892, 1121332
27943220132081, 1157058
27943221291793, 1130667
27943271271180, 1193084
27943272466767, 1137247
27943273606659, 1098035
27943274707356, 1135717
27943275846087, 1130046
27943276978603, 1138073
27943278119485, 1092535
27943279214550, 1112801
27943280330134, 1100288
27943281432993, 1141161
27943317810520, 1144567
27943318957653, 1133569
27943320094110, 1132215
27943321228864, 1096694
27943322328206, 1118678
27943323449442, 1169092
27943324621322, 1104888
27943325728712, 1136188
27943326867606, 1085589
27943327955684, 1162512
27943329152858, 1108245
27943330263723, 1148720
27943331415303, 1177073
27943332595054, 1083385
27943333681138, 1126467
27943334810048, 1099607
27943335912418, 1146041
27943337061051, 1113559
27943338177413, 1123696
27943339303683, 1145430
27943352590733, 1160840
27943353754226, 1148030
27943354905055, 1527041
27943356434656, 1164743
27943357602014, 1171516
27943358776088, 1146063
27943359924842, 1115352
27943361042729, 1156295
27943362201597, 1119496
27943363323530, 1096086
27943364453756, 1175165
27943365631500, 1106445
27943366740698, 1148780
27943367891984, 1173294
27943369068037, 1149734
27943370220503, 1090665
27943371313839, 1131616
27943372448035, 1155818
27943373606536, 1102953
27943374712052, 1141571
27943387607150, 1178055
27943388788014, 1116958
27943389907819, 1099681
27943391010111, 1131629
27943392144613, 1145401
27943393292568, 1095809
27943394391127, 1124952
27943395518692, 1110608
27943396632212, 1140971
27943397775669, 1106913
27943422693586, 1176228
27943423872302, 1138376
27943425013421, 1137609
27943426153540, 1103571
27943427260212, 1134373
27943428397118, 1156824
27943429556656, 1172110
27943430731251, 1122112
27943431856104, 1167031
27943433025610, 1107003
27943434167785, 1153490
27943435324053, 1103298
27943436430223, 1126102
27943437558945, 1101432
27943438663264, 1102028
27943439767852, 1119612
27943440890162, 1162719
27943442055506, 1117430
27943443175724, 1144163
27943444322457, 1137102
27943457441951, 1129242
27943458573734, 1146790
27943459723179, 1122663
27943460848386, 1133671
27943461984773, 1164357
27943463151782, 1162955
27943464317539, 1101007
27943465421101, 1134660
27943466558413, 1087525
27943467648524, 1173076
27943492653242, 1177525
27943493833297, 1131478
27943494967475, 1147487
27943496117576, 1107461
27943497227762, 1143910
27943498374253, 1103837
27943499480763, 1200364
27943500683688, 1127019
27943501813457, 1138936
27943502954874, 1120126
27943504109948, 1181670
27943505294234, 1108426
27943506405524, 1136272
27943507544294, 1125309
27943508672303, 1125442
27943509800163, 1072828
27943510875695, 1107587
27943511985808, 1123827
27943513112345, 1116088
27943514230951, 1097226
27943515362887, 1183703
27943516549105, 1112535
27943517664300, 1137258
27943518804044, 1101292
27943519908036, 1189188
27943521099683, 1133514
27943522235905, 1140732
27943523379222, 1119909
27943524501789, 1127584
27943525632028, 1104493
27943538787434, 1148666
27943539938844, 1002224
27943540943667, 896687
27943541842591, 910246
27943542755450, 857463
27943543615500, 841212
27943544459271, 805854
27943545267350, 808676
27943546078429, 804460
27943546885046, 819461
27943579389216, 1240604
27943580632296, 1137470
27943581772253, 1097824
27943582872402, 1107234
27943583981959, 1157233
27943585141642, 1110110
27943586254042, 1108934
27943587365254, 1076476
27943588444009, 1025012
27943589471055, 943540
27943590448955, 987090
27943591438477, 1115305
27943592556236, 1068225
27943593626690, 1152087
27943594781293, 1102883
27943595886392, 1119158
27943597007822, 1118698
27943598128614, 3455392
27943601586638, 1162357
27943602751281, 1117685
27943621604911, 924849
27943622532372, 868207
27943623403370, 841019
27943624246746, 806989
27943625056435, 792665
27943625851228, 794592
27943626647949, 796814
27943627446787, 831985
27943628281204, 811358
27943629094833, 824935
27943638037717, 909154
27943638962407, 865459
27943639830688, 883977
27943640716946, 837310
27943641556913, 866695
27943642426131, 823678
27943643252777, 843375
27943644098604, 875036
27943644976198, 819039
27943645797736, 802315
27943654983280, 950029
27943655954078, 882406
27943656837175, 810848
27943657648425, 826744
27943658475888, 820383
27943659296681, 819533
27943660116972, 795034
27943660912411, 814471
27943661727669, 848253
27943662576245, 819632
27943663427423, 880803
27943664308654, 814623
27943665123848, 794665
27943665918746, 819403
27943666738447, 797452
27943667536133, 782278
27943668318657, 780499
27943669099382, 769552
27943669869193, 764325
27943670633748, 770883
27943679431171, 922996
27943680354732, 852659
27943681207975, 816086
27943682024327, 803481
27943682828371, 818883
27943683647510, 834664
27943684482652, 811121
27943685294036, 804426
27943686099036, 789676
27943686888968, 777109
27943703867885, 911422
27943704779811, 826515
27943705606869, 832143
27943706439283, 800640
27943707240664, 797792
27943708038778, 822448
27943708861746, 787434
27943709649397, 770842
27943710420554, 759222
27943711179970, 784677
27943728059371, 930107
27943728990018, 856640
27943729847293, 839159
27943730686806, 807737
27943731495043, 804166
27943732299478, 809354
27943733109352, 826544
27943733936168, 788637
27943734725294, 764963
27943735490480, 781624
27943760324262, 920188
27943761244811, 845741
27943762090946, 853148
27943762944358, 807260
27943763751922, 811709
27943764563954, 797956
27943765362230, 787042
27943766149490, 801234
27943766951048, 818491
27943767769759, 803956
27943792653917, 881183
27943793535596, 853786
27943794389934, 843227
27943795233428, 839114
27943796072854, 810087
27943796883161, 845353
27943797729025, 795250
27943798524468, 775402
27943799300300, 805295
27943800105832, 779214
27943809143178, 878603
27943810022242, 854699
27943810877589, 818985
27943811696905, 847030
27943812544456, 798434
27943813343088, 791809
27943814135286, 770871
27943814906375, 773162
27943815680042, 778320
27943816458720, 793466
27943817283292, 800738
27943818084522, 806290
27943818891380, 792897
27943819684730, 794980
27943820480334, 765302
27943821245938, 814034
27943822060402, 843335
27943822904058, 807796
27943823712180, 805902
27943824518349, 778413
27943825327758, 822637
27943826150998, 800941
27943826952553, 809598
27943827762582, 813942
27943828577050, 779657
27943829356968, 773962
27943830131426, 787528
27943830919326, 803243
27943831722970, 822719
27943832545972, 792467
27943833369490, 805495
27943834175387, 792426
27943834968252, 788357
27943835756896, 791108
27943836548296, 756242
27943837304779, 763575
27943838071161, 805414
27943838876790, 771650
27943839648790, 778405
27943840427460, 775847
27943851067796, 962216
27943852030497, 881082
27943852911950, 828940
27943853741263, 804616
27943854546286, 824717
27943855371186, 814710
27943856186235, 788448
27943856974968, 787183
27943857762644, 825106
27943858588128, 784541
27943867482994, 923895
27943868407281, 837179
27943869244857, 791989
27943870037119, 823973
27943870861558, 795784
27943871657574, 849233
27943872507218, 800850
27943873308348, 816338
27943874125045, 781135
27943874906429, 777321
27943883823660, 921386
27943884745493, 857524
27943885603469, 801905
27943886405749, 776445
27943887182598, 780640
27943887963646, 818002
27943888782174, 779557
27943889561972, 809208
27943890371796, 791766
27943891163868, 774632
27943900237680, 929654
27943901167904, 854664
27943902023017, 835613
27943902858911, 843218
27943903702498, 877917
27943904580684, 802963
27943905384216, 795992
27943906180638, 787627
27943906968635, 777935
27943907746841, 816600
27943908594417, 992509
27943909587282, 804959
27943910392562, 832645
27943911225609, 862462
27943912088478, 837672
27943912926397, 793662
27943913720424, 816621
27943914537302, 769519
27943915307227, 788397
27943916095929, 785060
27943916910670, 779300
27943917690302, 765960
27943918456696, 782944
27943919239933, 774122
27943920014508, 772005
27943920786774, 778792
27943921565960, 793476
27943922359762, 764099
27943923124306, 758976
27943923883520, 787397
27943941026180, 859365
27943941885964, 869551
27943942756040, 839491
27943943595795, 817779
27943944413893, 776587
27943945190792, 805807
27943945997176, 802899
27943946800348, 767181
27943947567888, 806636
27943948374804, 773565
27943980721839, 907042
27943981629450, 839290
27943982469240, 784767
27943983254277, 784060
27943984038751, 819683
27943984858713, 790712
27943985649910, 824144
27943986474292, 797140
27943987271892, 772366
27943988044523, 785670
27943996980813, 907879
27943997889337, 838378
27943998728310, 796034
27943999524643, 812258
27944000337247, 809873
27944001147388, 848971
27944001996779, 867105
27944002864177, 830513
27944003695227, 842195
27944004537761, 1014071
27944005583156, 907812
27944006491460, 839641
27944007331795, 846246
27944008178528, 831656
27944009010887, 816741
27944009827920, 797154
27944010625535, 763721
27944011389615, 827383
27944012217343, 811868
27944013029545, 801649
27944022357366, 875879
27944023233847, 849722
27944024083925, 813124
27944024897350, 797658
27944025695421, 798085
27944026493720, 774724
27944027269028, 770165
27944028039533, 821857
27944028861896, 790700
27944029652838, 781263
27944030486301, 841086
27944031327746, 820403
27944032148569, 807180
27944032956085, 783675
27944033740122, 785605
27944034526110, 792672
27944035319440, 802307
27944036122073, 794410
27944036916793, 777430
27944037694468, 768367
27944046619832, 916193
27944047536394, 853553
27944048390376, 813301
27944049203990, 829035
27944050033374, 810537
27944050844286, 834756
27944051679649, 835217
27944052515316, 791623
27944053307272, 790043
27944054097648, 802902
27944078622078, 885596
27944079508127, 824771
27944080333419, 811696
27944081145347, 794220
27944081939907, 810223
27944082750448, 789615
27944083540419, 764542
27944084305235, 787806
27944085093317, 770722
27944085864426, 771460
27944086666696, 844555
27944087511602, 815708
27944088327719, 805695
27944089133659, 780046
27944089914037, 794720
27944090709091, 777441
27944091487067, 766002
27944092253308, 827572
27944093081260, 823752
27944093905267, 796954
27944094737732, 825662
27944095563893, 859056
27944096423531, 780139
27944097203894, 825261
27944098029505, 840407
27944098870215, 798119
27944099668806, 777857
27944100446957, 779280
27944101226758, 2382155
27944103609232, 973473
27944104618279, 855661
27944105474438, 785773
27944106260758, 772627
27944107033813, 783132
27944107817293, 817646
27944108635445, 792087
27944109428061, 754660
27944110183045, 790818
27944110974349, 800721
27944111775360, 791201
27944112597370, 825272
27944113422957, 778763
27944114202210, 757459
27944114959949, 810799
27944115771285, 821983
27944116593563, 797031
27944117391062, 798632
27944118189935, 784070
27944118974635, 772822
27944119747707, 772349
27944128550680, 892933
27944129444124, 860470
27944130305201, 818701
27944131124216, 782983
27944131907615, 886544
27944132794450, 818095
27944133612940, 777484
27944134390655, 791814
27944135183111, 843495
27944136027159, 799088
27944136857189, 810385
27944137667873, 792756
27944138460998, 760210
27944139221463, 803692
27944140025617, 778111
27944140804293, 832311
27944141637250, 798381
27944142435963, 772981
27944143209468, 816052
27944144025844, 816358
27944144873246, 816149
27944145689886, 815560
27944146506065, 804935
27944147311254, 800950
27944148112659, 779927
27944148892857, 762825
27944149656140, 787564
27944150444077, 764267
27944151208800, 756862
27944151966004, 855754
27944152852667, 788057
27944153641070, 1134985
27944154776467, 750259
27944155526985, 762919
27944156290422, 762254
27944157052940, 746035
27944157799722, 759215
27944158559142, 730857
27944159290579, 769209
27944160060041, 857589
27944160948369, 859923
27944161808873, 804575
27944162614036, 773803
27944163388069, 782570
27944164170987, 799845
27944164971205, 856531
27944165828509, 790128
27944166619007, 783287
27944167402937, 786505
27944168189849, 784354
27944176971743, 840964
27944177813197, 796372
27944178610051, 796814
27944179407342, 778958
27944180186922, 785402
27944180972809, 754196
27944181727687, 779159
27944182507207, 779046
27944183286667, 781945
27944184068860, 795149
27944184894638, 788716
27944185683763, 744192
27944186428328, 738827
27944187167430, 752368
27944187920217, 788212
27944188708696, 743032
27944189452203, 737503
27944190189993, 764876
27944190955426, 745006
27944191700723, 815065
27944192546858, 839465
27944193386611, 791973
27944194178893, 758378
27944194937521, 878831
27944195816784, 825113
27944196642097, 782191
27944197424608, 756094
27944198180957, 788195
27944198969784, 788389
27944199758519, 779695
27944200569206, 763464
27944201333064, 825663
27944202159273, 765932
27944202925483, 794504
27944203720573, 783505
27944204504357, 829560
27944205334271, 781278
27944206115852, 918973
27944207035162, 1146868
27944208182256, 1015100
27944209244664, 803275
27944210048712, 753419
27944210802783, 758530
27944211561663, 762658
27944212324788, 746211
27944213071337, 801564
27944213873258, 752942
27944214626497, 733721
27944215360649, 794878
27944216155801, 784653
27944225003076, 830688
27944225834152, 781272
27944226615959, 782417
27944227398689, 770503
27944228169756, 744532
27944228914609, 732025
27944229647135, 721784
27944230369221, 762703
27944231132259, 736030
27944231868536, 781402
27944232680652, 813726
27944233494777, 758183
27944234253331, 741484
27944234995265, 741005
27944235736748, 793562
27944236530628, 748949
27944237280074, 738124
27944238018445, 741919
27944238760842, 751316
27944239512451, 764861
27944264196330, 896790
27944265093731, 838505
27944265932631, 778642
27944266711576, 770238
27944267482192, 824234
27944268306710, 789650
27944269096980, 757626
27944269854990, 742520
27944270597984, 777176
27944271375528, 771623
27944272217745, 850313
27944273068476, 988459
27944274057428, 788124
27944274845847, 799036
27944275645275, 815589
27944276461098, 854638
27944277316290, 846771
27944278163323, 778869
27944278942580, 773082
27944279715971, 788217
27944280621949, 815438
27944281437634, 779913
27944282217933, 751181
27944282969362, 771589
27944283741387, 878141
27944284619893, 847860
27944285468372, 795239
27944286263888, 804053
27944287068376, 768780
27944287837423, 784058
27944288666726, 901365
27944289568405, 796434
27944290365171, 790871
27944291156250, 787030
27944291943672, 791948
27944292735881, 754558
27944293490796, 764065
27944294255123, 748324
27944295003801, 745583
27944295749614, 751446
27944296526142, 743160
27944297269695, 760450
27944298030585, 762214
27944298793055, 736711
27944299530203, 721931
27944300252359, 761850
27944301014611, 875401
27944301890284, 778558
27944302669221, 769823
27944303439322, 748616
27944304212839, 792727
27944305005954, 767310
27944305773698, 764296
27944306538206, 738391
27944307276898, 757864
27944308035144, 775883
27944308811379, 761968
27944309573703, 762946
27944310337129, 737286
27944311074736, 1292527
27944312392831, 925705
27944313318769, 867780
27944314186994, 841010
27944315028253, 787279
27944315815991, 776854
27944316593037, 762042
27944317355410, 758367
27944318113985, 809530
27944318923990, 761200
27944319685422, 754314
27944320464302, 804887
27944321269590, 773021
27944322042937, 768757
27944322811933, 728387
27944323540785, 767457
27944324308520, 797758
27944325106716, 742199
27944325849185, 751813
27944326601474, 752524
27944327354284, 771764
27944328150469, 762473
27944328913237, 735294
27944329648884, 715181
27944330364355, 714223
27944331078869, 743791
27944331822979, 766442
27944332589754, 743170
27944333333256, 2265990
27944335599738, 839085
27944336439213, 793915
27944367935926, 891180
27944368827693, 811291
27944369639522, 791845
27944370431668, 753706
27944371185710, 752557
27944371938517, 791093
27944372730144, 737920
27944373468410, 724531
27944374193299, 717671
27944374911274, 724600
27944383461858, 846745
27944384309198, 799656
27944385109364, 767755
27944385877350, 739572
27944386617373, 722733
27944387340301, 761145
27944388101860, 752502
27944388854567, 719955
27944389575007, 719059
27944390294318, 762510
27944391081288, 829546
27944391911174, 803320
27944392714785, 769354
27944393484409, 748190
27944394233122, 758547
27944394991944, 750252
27944395742691, 756716
27944396499692, 722600
27944397222650, 720551
27944397943463, 789703
27944406619756, 844569
27944407464752, 803425
27944408268665, 782406
27944409051411, 771730
27944409823657, 768130
27944410592278, 738341
27944411331209, 769307
27944412100778, 819545
27944412920767, 768743
27944413689816, 758072
27944422431287, 848407
27944423280120, 807683
27944424088194, 765621
27944424854146, 753358
27944425607945, 752872
27944426361043, 754207
27944427115811, 765843
27944427881884, 793257
27944428675520, 736148
27944429411966, 749848
27944437908441, 847210
27944438756001, 817653
27944439574160, 784163
27944440358633, 753317
27944441112395, 761627
27944441874448, 756935
27944442631782, 735761
27944443367952, 750986
27944444119406, 766551
27944444886393, 761147
27944445672784, 756336
27944446429348, 744962
27944447174713, 761163
27944447936149, 792359
27944448728894, 755651
27944449484739, 719203
27944450204416, 730395
27944450935045, 729904
27944451665272, 754956
27944452420524, 717667
27944453162146, 781596
27944453944255, 766891
27944454711642, 745869
27944455457724, 728975
27944456187063, 735500
27944456922901, 706603
27944457630060, 745716
27944458376111, 738438
27944459114974, 739053
27944459854259, 795443
27944460673142, 756091
27944461429577, 738405
27944462168392, 732900
27944462901608, 738801
27944463640891, 744681
27944464385844, 713026
27944465099211, 707467
27944465806915, 718147
27944466525372, 724323
27944467249933, 719296
27944483739053, 852623
27944484592142, 776552
27944485369214, 770190
27944486139701, 748933
27944486889274, 740338
27944487630045, 775327
27944488405725, 769832
27944489175736, 735766
27944489911827, 715061
27944490627194, 941176
27944491592220, 821216
27944492413724, 736825
27944493150890, 754820
27944493905977, 749958
27944494656335, 760687
27944495417320, 764292
27944496182021, 751996
27944496934249, 727464
27944497662053, 744049
27944498406534, 731777
27944499162423, 737175
27944499899814, 751742
27944500651925, 717152
27944501369268, 713420
27944502083045, 742948
27944502826209, 714766
27944503541340, 711387
27944504253070, 724186
27944504977575, 714595
27944505692410, 713979
27944514199207, 837898
27944515037557, 777819
27944515815825, 758010
27944516574114, 728153
27944517302663, 727097
27944518030030, 745066
27944518775375, 748595
27944519524234, 731422
27944520256081, 718589
27944520974958, 716655
27944521715380, 778020
27944522493719, 736631
27944523230606, 735097
27944523965917, 790885
27944524757164, 752036
27944525509475, 728484
27944526238300, 723319
27944526961892, 732238
27944527694657, 739919
27944528434871, 745584
27944544563253, 847100
27944545410750, 778557
27944546189840, 748501
27944546938643, 732436
27944547671463, 740539
27944548412343, 728677
27944549141398, 722739
27944549864410, 761293
27944550626141, 758580
27944551385001, 775973
27944559959349, 886910
27944560846620, 796988
27944561644121, 773369
27944562417838, 754413
27944563172692, 778997
27944563952000, 775375
27944564727880, 758880
27944565487202, 756500
27944566244173, 856859
27944567101398, 748831
27944567876368, 837260
27944568713983, 2207836
27944570922305, 810136
27944571732888, 820532
27944572553827, 806403
27944573360525, 789933
27944574150799, 769431
27944574920520, 763144
27944575684149, 765390
27944576449826, 740291
27944577215074, 748038
27944577963471, 748379
27944578712203, 769075
27944579481655, 745695
27944580227851, 735074
27944580963220, 730062
27944581693653, 736999
27944582430948, 753441
27944583184696, 737150
27944583922158, 778017
27944584725173, 758983
27944585484424, 734452
27944586219224, 731854
27944586951520, 758398
27944587710287, 774006
27944588484653, 738818
27944589223856, 720548
27944589944765, 707757
27944590652948, 735387
27944591388635, 789624
27944622948416, 839733
27944623788924, 839940
27944624629352, 750264
27944625379888, 742853
27944626123338, 740157
27944626863934, 752789
27944627617291, 781274
27944628398926, 730840
27944629130178, 730710
27944629861145, 752000
27944638415574, 860465
27944639276537, 811377
27944640088491, 780449
27944640869253, 775256
27944641645025, 775081
27944642420395, 785951
27944643206840, 759674
27944643966771, 780466
27944644747651, 742202
27944645490067, 741753
27944646255771, 765910
27944647022183, 767199
27944647789882, 827386
27944648617543, 749878
27944649367755, 731926
27944650099936, 770285
27944650870572, 741981
27944651612776, 752134
27944652365276, 772912
27944653138525, 746663
27944661595523, 841680
27944662437782, 792102
27944663230256, 760176
27944663990795, 796666
27944664787966, 747243
27944665535469, 735129
27944666271045, 732028
27944667003357, 727016
27944667730754, 747518
27944668478532, 738073
27944684787403, 824199
27944685612105, 767736
27944686380320, 766931
27944687147586, 765982
27944687913977, 791152
27944688705384, 737194
27944689442939, 722274
27944690165463, 748255
27944690914116, 794444
27944691708913, 773066
27944692506237, 738649
27944693245307, 753508
27944693999321, 771044
27944694770651, 731342
27944695502410, 746152
27944696248788, 781049
27944697030415, 760488
27944697791238, 761900
27944698553414, 747696
27944699301395, 733361
27944707853962, 842677
27944708697092, 816588
27944709514140, 768534
27944710283087, 759787
27944711043369, 772458
27944711816304, 785036
27944712601809, 743879
27944713346064, 746774
27944714093374, 751154
27944714844858, 727861
27944715597282, 801696
27944716399536, 746561
27944717146648, 728670
27944717875689, 740839
27944718617033, 748910
27944719366193, 776484
27944720143244, 735983
27944720879483, 720492
27944721600338, 753957
27944722354538, 757917
27944723136626, 753383
27944723890482, 824118
27944724715112, 774730
27944725490167, 760512
27944726251186, 727640
27944726979052, 746509
27944727725964, 829422
27944728555664, 777643
27944729333675, 774848
27944730109053, 763022
27944730896282, 750381
27944731647212, 766550
27944732414274, 739130
27944733153674, 717734
27944733871806, 715044
27944734587056, 712273
27944735299659, 740042
27944736039936, 747582
27944736787971, 720256
27944737508470, 735362
27944746012350, 847644
27944746860350, 786019
27944747646890, 807285
27944748454461, 749118
27944749203996, 756090
27944749960349, 737277
27944750698167, 723961
27944751422431, 756282
27944752179171, 766605
27944752946044, 737726
27944776541018, 821437
27944777362922, 792448
27944778155957, 767513
27944778923853, 751261
27944779675630, 786706
27944780462622, 756087
27944781219138, 749436
27944781968923, 740588
27944782709921, 727093
27944783437321, 754814
27944791868714, 877380
27944792746608, 795758
27944793543009, 758780
27944794302077, 734563
27944795036987, 751345
27944795788538, 760183
27944796549077, 726936
27944797276213, 733377
27944798010042, 760091
27944798770419, 727753
27944799521822, 762123
27944800284255, 754103
27944801038676, 726726
27944801765650, 2361409
27944804127575, 821897
27944804949733, 770107
27944805720218, 746058
27944806466527, 732939
27944807199814, 747258
27944807947376, 770871
27944816529492, 809373
27944817339370, 798513
27944818138551, 784090
27944818922970, 737421
27944819660948, 749064
27944820410259, 751603
27944821162266, 742049
27944821904548, 755442
27944822660487, 718636
27944823379374, 736950
27944832096639, 873772
27944832970922, 818174
27944833789631, 775374
27944834565254, 757824
27944835323443, 778843
27944836102581, 763176
27944836866233, 752659
27944837619150, 752217
27944838371756, 745479
27944839117482, 736613
27944839878592, 797154
27944840676142, 789849
27944841466563, 769406
27944842236237, 724641
27944842961236, 765458
27944843726957, 781644
27944844508996, 748687
27944845257989, 744397
27944846002761, 730798
27944846733819, 725173
27944863130898, 860156
27944863991523, 825026
27944864817115, 756531
27944865573949, 749956
27944866324566, 764038
27944867088892, 755823
27944867845224, 812373
27944868657879, 743535
27944869402084, 743107
27944870145491, 727290
27944878623624, 808921
27944879433010, 812777
27944880246264, 767212
27944881013786, 746313
27944881760694, 756721
27944882517661, 736372
27944883254398, 774681
27944884029351, 787685
27944884817395, 751614
27944885569281, 731634
27944886332761, 754492
27944887087497, 740290
27944887828196, 762602
27944888591228, 758903
27944889350726, 743762
27944890094824, 756395
27944890851655, 774613
27944891626613, 767504
27944892394802, 725654
27944893120750, 723545
27944901745611, 861896
27944902608194, 795040
27944903403758, 766473
27944904170582, 746500
27944904917549, 720988
27944905638846, 742037
27944906381223, 720348
27944907101801, 719761
27944907822038, 745924
27944908568391, 723893
27944924701476, 844983
27944925547234, 790381
27944926338300, 753319
27944927091919, 738002
27944927830498, 761900
27944928592640, 755268
27944929348419, 734193
27944930082991, 725413
27944930808798, 733556
27944931542664, 775433
27944947631594, 866173
27944948498203, 781931
27944949280512, 757446
27944950038224, 758222
27944950796929, 732509
27944951529759, 740895
27944952271059, 723748
27944952995108, 726187
27944953721577, 749757
27944954471592, 721613
27944955217602, 828608
27944956046746, 766810
27944956814033, 728329
27944957542664, 719703
27944958262716, 741529
27944959004541, 742598
27944959747531, 749398
27944960497231, 738911
27944961236544, 723839
27944961960651, 737754
27944962722497, 750914
27944963473755, 737489
27944964211644, 729268
27944964941220, 725271
27944965666830, 739182
27944966406238, 756404
27944967162978, 743765
27944967907020, 773447
27944968680791, 751266
27944969432339, 723402
27944978116896, 887228
27944979004515, 789473
27944979794465, 791950
27944980586737, 743504
27944981330557, 737860
27944982068711, 756191
27944982825274, 724637
27944983550151, 768447
27944984319129, 761775
27944985081197, 799200
27944994601696, 880217
27944995482391, 821916
27944996304925, 814971
27944997120144, 743304
27944997863827, 739880
27944998603972, 785485
27944999389832, 789311
27945000179621, 782875
27945000963103, 775636
27945001738972, 757165
27945002520867, 810252
27945003331450, 778997
27945004110852, 750462
27945004861705, 752467
27945005614653, 742120
27945006357126, 721366
27945007078927, 711601
27945007790833, 732535
27945008523778, 801907
27945009325954, 752941
27945019385497, 859648
27945020245624, 801937
27945021048083, 770012
27945021818474, 766571
27945022585590, 753256
27945023339133, 853079
27945024192615, 759371
27945024952301, 736789
27945025689514, 736088
27945026425874, 718945
27945052248098, 870078
27945053118828, 793658
27945053912989, 775383
27945054688695, 771099
27945055460310, 770998
27945056231529, 744131
27945056976037, 723459
27945057699809, 755436
27945058455790, 751108
27945059207155, 771760
27945091191154, 878686
27945092070325, 826641
27945092897361, 764695
27945093662269, 799194
27945094461832, 811561
27945095273728, 780652
27945096054931, 760595
27945096815748, 742373
27945097558451, 745563
27945098304348, 758663
27945114644240, 881545
27945115526270, 805696
27945116332494, 781582
27945117114351, 748157
27945117862946, 742591
27945118605741, 739763
27945119345861, 777023
27945120123103, 752738
27945120876253, 727898
27945121604342, 742743
27945130332120, 848732
27945131181188, 809057
27945131990650, 803610
27945132794672, 741603
27945133536677, 740362
27945134277299, 727819
27945135005451, 751067
27945135756773, 766999
27945136524117, 723382
27945137247736, 721707
27945153357110, 862211
27945154219669, 817475
27945155037519, 756645
27945155794503, 774392
27945156569437, 763779
27945157333595, 752821
27945158086955, 746439
27945158833849, 736810
27945159571068, 793540
27945160364881, 755523
27945214359871, 849558
27945215209812, 789831
27945216000009, 807777
27945216808093, 758198
27945217566765, 773370
27945218340404, 768803
27945219109580, 736134
27945219846034, 768123
27945220614467, 760209
27945221374883, 743903
27945245048985, 831808
27945245881388, 791200
27945246673111, 848831
27945247522216, 795829
27945248318472, 747550
27945249066236, 724748
27945249791504, 739861
27945250531581, 750042
27945251282085, 741540
27945252023926, 795171
27945260438602, 855091
27945261293993, 799515
27945262093819, 800590
27945262894719, 766690
27945263661975, 1851096
27945265513559, 857125
27945266371208, 782151
27945267153658, 765483
27945267919684, 802130
27945268722121, 750554
27945292576519, 823161
27945293400322, 790851
27945294191750, 766091
27945294958146, 761452
27945295720188, 772680
27945296493056, 801931
27945297295488, 815526
27945298111338, 810914
27945298922711, 767260
27945299690220, 758335
27945300471406, 785858
27945301257523, 752132
27945302010060, 748843
27945302759282, 738754
27945303498549, 761775
27945304260553, 769674
27945305030762, 737464
27945305768510, 721638
27945306490509, 751332
27945307242091, 731475
27945307996152, 765394
27945308761923, 754051
27945309516579, 734249
27945310251058, 749648
27945311001319, 727791
27945311729389, 777756
27945312507554, 740201
27945313247971, 758222
27945314006730, 733326
27945314740266, 736875
27945315499412, 771290
27945316271057, 731967
27945317003408, 736590
27945317740257, 734624
27945318475394, 742824
27945319218574, 749859
27945319968792, 759165
27945320728276, 729092
27945321457768, 731004
27945322189035, 720913
27945322932773, 759062
27945323692125, 770447
27945324462883, 734331
27945325197522, 734585
27945325932453, 741020
27945326673733, 717423
27945327391589, 738737
27945328130624, 782158
27945328913317, 757129
27945329670672, 733538
27945330427230, 753450
27945331181000, 735066
27945331916534, 768869
27945332685629, 718422
27945333404415, 737808
27945334142473, 758416
27945334901196, 772840
27945335674258, 766322
27945336440878, 737812
27945337178876, 736557
27945337937550, 797631
27945338735578, 771328
27945339507400, 734370
27945340242000, 734403
27945340976803, 747231
27945341724247, 750458
27945342475072, 725106
27945343200389, 725703
27945343926477, 810169
27945344737064, 767260
27945353302194, 845448
27945354147966, 803417
27945354951736, 766611
27945355718579, 767855
27945356486779, 729757
27945357216826, 751162
27945357968391, 755564
27945358724196, 725774
27945359450294, 760125
27945360210712, 760379
27945360994024, 774061
27945361768376, 758741
27945362527412, 734810
27945363262492, 768065
27945364031306, 788148
27945364819738, 745752
27945365565910, 729252
27945366295457, 718822
27945367014574, 713681
27945367728487, 768366
27945368519744, 754037
27945369274106, 729097
27945370003695, 747679
27945370751734, 729173
27945371481356, 766035
27945372247766, 769941
27945373018086, 758377
27945373776704, 734094
27945374511278, 726144
27945375237734, 732193
27945375992500, 759200
27945376752037, 727154
27945377479643, 736982
27945378216894, 748838
27945378966201, 753068
27945379719514, 763492
27945380483447, 783253
27945381267022, 764646
27945382032005, 764550
27945382796771, 756148
27945383575778, 766002
27945384342152, 715384
27945385058060, 734240
27945385792619, 737500
27945386530461, 712618
27945387243359, 717070
27945387960728, 763272
27945388724277, 733784
27945389458519, 715656
27945390174473, 711302
27945390908469, 771495
27945391680422, 818668
27945392499550, 731448
27945393231277, 715864
27945393947427, 759395
27945394707097, 737354
27945395444793, 732393
27945396177410, 733583
27945396911360, 736849
27945397648474, 723826
27945406043556, 840019
27945406883951, 778602
27945407662980, 756140
27945408419345, 725398
27945409145079, 742399
27945409887720, 753165
27945410641341, 723898
27945411365449, 740110
27945412106031, 756096
27945412862421, 738066
27945466493489, 872625
27945467366503, 831904
27945468198785, 768980
27945468968040, 739994
27945469708289, 730421
27945470438933, 731383
27945471170644, 735676
27945471906510, 777488
27945472684282, 731243
27945473415822, 768333
27945482419585, 1092167
27945483512215, 870779
27945484383432, 809636
27945485193392, 790387
27945485984191, 753847
27945486738421, 738492
27945487477345, 767370
27945488245061, 795594
27945489041119, 747387
27945489788799, 727990
27945507947327, 909648
27945508857419, 791447
27945509649452, 761268
27945510411004, 732787
27945511144159, 748200
27945511892618, 801786
27945512694738, 753144
27945513448099, 767330
27945514215721, 748484
27945514964405, 765464
27945538717695, 866109
27945539584291, 824951
27945540409779, 813494
27945541223578, 770064
27945541994302, 804250
27945542798897, 812532
27945543611805, 775215
27945544387308, 760787
27945545148682, 759215
27945545908241, 768965
27945546700421, 767994
27945547468723, 759203
27945548228542, 762294
27945548991023, 761895
27945549753452, 756617
27945550510346, 730806
27945551241737, 722726
27945551964726, 800683
27945552765992, 744991
27945553511251, 785304
27945554319777, 824413
27945555144606, 776727
27945555921807, 771034
27945556693074, 728418
27945557421943, 722558
27945558144821, 757953
27945558903296, 756493
27945559660017, 770387
27945560430739, 754225
27945561185220, 738008
27945570114984, 847144
27945570962502, 799331
27945571762300, 796016
27945572558727, 751471
27945573310702, 733105
27945574044076, 776831
27945574821512, 740046
27945575561772, 760222
27945576322358, 744161
27945577066733, 738804
27945601223581, 861626
27945602085868, 828916
27945602915250, 788824
27945603704325, 784466
27945604489307, 799466
27945605289132, 741151
27945606030757, 758618
27945606789651, 751755
27945607541776, 777770
27945608319884, 746986
27945624437959, 887039
27945625325534, 811781
27945626137896, 777004
27945626915237, 775479
27945627691138, 753548
27945628444881, 763395
27945629208827, 768348
27945629977424, 763265
27945630741132, 765278
27945631506647, 750450
27945640090618, 880358
27945640971285, 826106
27945641797809, 806865
27945642604903, 804288
27945643409702, 780767
27945644190766, 768996
27945644960172, 737025
27945645697470, 735106
27945646432979, 758043
27945647191310, 731567
27945647943408, 778420
27945648722093, 748145
27945649470601, 764025
27945650234882, 750732
27945650985916, 724692
27945651710880, 755484
27945652466743, 732068
27945653199066, 739562
27945653938963, 759773
27945654698993, 737571
27945655456562, 797040
27945656253843, 754520
27945657008907, 755504
27945657764636, 762940
27945658528076, 768093
27945659296482, 754987
27945660051818, 760565
27945660812652, 745173
27945661558240, 758660
27945662317204, 735331
27945701494125, 858130
27945702352717, 787564
27945703140742, 785244
27945703926331, 803901
27945704730756, 770286
27945705501330, 764284
27945706265991, 744919
27945707011137, 768989
27945707780512, 799210
27945708579999, 752574
27945709352684, 748087
27945710101035, 740025
27945710841398, 733746
27945711575369, 759314
27945712335193, 739611
27945713075031, 729896
27945713805260, 740312
27945714545815, 748702
27945715294873, 741664
27945716036776, 735863
27945724604949, 855394
27945725460704, 809807
27945726270980, 774246
27945727045635, 763085
27945727809287, 773200
27945728582794, 759584
27945729342785, 767225
27945730110429, 742735
27945730853665, 2503627
27945733357653, 916756
27945734295382, 825716
27945735121515, 812707
27945735934818, 821069
27945736756244, 764496
27945737521088, 768474
27945738289895, 774525
27945739064968, 773451
27945739838711, 774162
27945740613236, 736892
27945741350417, 731544
27945749868764, 857377
27945750726816, 787327
27945751514580, 779763
27945752294701, 743876
27945753039162, 730728
27945753770117, 764926
27945754535414, 740308
27945755275959, 742196
27945756018430, 763046
27945756781773, 761218
27945757564235, 799124
27945758363698, 765310
27945759129453, 738744
27945759868463, 771558
27945760640333, 731465
27945761372024, 743431
27945762115872, 737905
27945762853999, 747539
27945763601965, 788635
27945764390868, 742259
27945765153493, 736896
27945765890687, 746787
27945766637893, 751139
27945767389331, 756479
27945768146359, 746365
27945768892979, 721184
27945769614522, 748039
27945770362786, 739686
27945771102878, 728527
27945771831630, 760983
27945772612620, 753181
27945773366258, 723232
27945774089961, 729448
27945774819704, 754146
27945775574120, 748624
27945776322992, 759601
27945777082889, 744693
27945777827885, 800387
27945778628755, 796977
27945779426030, 769674
27945795718517, 846902
27945796565923, 807316
27945797373642, 812230
27945798186141, 781656
27945798968186, 749491
27945799717978, 788501
27945800506969, 759698
27945801266916, 771205
27945802038518, 771805
27945802810599, 748336
27945819104977, 885315
27945819990597, 832232
27945820823304, 770360
27945821593908, 776230
27945822370605, 785835
27945823156781, 768390
27945823925620, 844842
27945824770800, 789474
27945825560759, 753231
27945826314258, 737713
27945827072668, 750155
27945827823209, 809659
27945828633518, 791666
27945829425469, 775083
27945830200969, 758554
27945830959834, 742779
27945831702958, 771354
27945832474503, 754939
27945833229721, 751270
27945833981223, 765495
27945834767418, 827973
27945835595684, 797468
27945836393589, 756597
27945837150458, 760662
27945837911564, 799679
27945838711500, 758356
27945839470293, 762206
27945840232769, 799536
27945841032644, 775828
27945841808687, 755338
27945850588721, 873352
27945851462521, 861526
27945852324444, 837332
27945853162023, 763608
27945853926034, 781242
27945854707543, 768575
27945855476599, 787379
27945856264228, 759473
27945857024076, 758232
27945857782597, 771605
27945868300343, 897296
27945869198214, 956097
27945870154849, 832526
27945870987731, 1076506
27945872064643, 1093171
27945873158055, 1025603
27945874184281, 1061943
27945875246526, 1057717
27945876304597, 913363
27945877218241, 1028946
27945894935951, 837896
27945895774544, 805322
27945896580256, 765554
27945897346022, 750652
27945898097057, 738635
27945898835876, 734421
27945899570734, 752382
27945900323371, 757683
27945901081426, 735240
27945901816998, 734458
-------------
---read-errors---
27811137976135, 3015526442
27814156858035, 3016061733
27817174785170, 3015724463
27820191932392, 3015401028
27823209558595, 3016193786
27826227563584, 3017070823
27829246136877, 3017635446
27832265071039, 3015458470
27835281999020, 3017294560
27838300692809, 3015656828
27841318216406, 3015158079
27844334747628, 3015622614
27847351761642, 3015504541
27850368763471, 3015117870
27853385286958, 3015442517
27856402074059, 3015752521
27859418985767, 3015355664
27862435576771, 3015333363
27865452277947, 3015337811
27868468856766, 3015822464
27937850542255, 1141016
27937853366214, 1189465
27937854863639, 1171313
27937856319869, 1020901
27937857625139, 1008085
27937858911228, 1022358
27937860234485, 1062463
27937861574532, 1009684
27937862859171, 979040
27937864166858, 1029733
27937865516460, 992747
27937866784054, 1005899
27937868085745, 1024792
27937869388078, 981771
27937870649971, 972046
27937871904493, 1040468
27937873223488, 988063
27937874483569, 960546
27937875721667, 1156075
27937877163003, 1449308
27937912562805, 1343921
27937914201414, 1341522
27937915828139, 1379362
27937917529464, 1357272
27937919184133, 1367344
27937920839137, 1373163
27937922557440, 1489488
27937924388977, 1408963
27937926107687, 1355245
27937927742327, 1355622
27937946089275, 1357198
27937947723038, 1405201
27937949404549, 1390787
27937951091919, 1371459
27937952747766, 1303289
27937954329129, 1359651
27937955951237, 1366080
27937957608659, 1316385
27937959253438, 1667359
27937961231295, 1320210
27937963115804, 1341245
27937964766987, 1318638
27937966410045, 1290141
27937967991476, 1334686
27937969636261, 1280910
27937971205627, 1349699
27937972833386, 1289866
27937974415433, 1292097
27937976035956, 1370946
27937977680763, 1320522
27937979311611, 1325900
27937980935224, 1340956
27937982559655, 1304480
27937984154722, 1655443
27937986094836, 1354633
27937987733328, 1319624
27937989341823, 1306774
27937990926523, 1342675
27937992554934, 1338125
27937994171105, 1306327
27938011733754, 1476292
27938013492462, 1324765
27938015100653, 1297833
27938016678201, 1293606
27938018392844, 1285715
27938019973507, 1334129
27938021639738, 1328376
27938023245337, 1485384
27938024993912, 1144006
27938026406658, 1035458
27938027687875, 1019975
27938028928927, 993605
27938030137353, 978029
27938031360048, 1049294
27938032656592, 1005890
27938033907937, 980591
27938035156576, 1035329
27938036449312, 1006543
27938037707735, 987776
27938038938525, 1056130
27938040274513, 1034882
27938041559249, 1030721
27938042825350, 988497
27938044060791, 1128420
27938045453777, 1090192
27938046787407, 1047208
27938048124661, 1004564
27938049446388, 986809
27938050674459, 971437
27938051880659, 1034579
27938065825847, 983655
27938067061286, 998843
27938068312919, 999994
27938069540123, 986656
27938070763331, 3680618
27938074688102, 1002524
27938075915471, 978910
27938077197853, 965137
27938078434259, 990749
27938079627080, 978623
27938080895296, 977170
27938082117600, 1023392
27938083365411, 989111
27938084586431, 968142
27938085792596, 990223
27938087021423, 974168
27938088238072, 971289
27938089439302, 991154
27938090671409, 1001997
27938091934023, 1030172
27938093216229, 960409
27938094422059, 979310
27938095653470, 968197
27938096871323, 957704
27938098091936, 975549
27938099310042, 970155
27938100525820, 970641
27938101717778, 984897
27938102925707, 974484
27938104132398, 991556
27938118728425, 1004045
27938119970170, 1024802
27938121321005, 972909
27938122600825, 1214745
27938124119494, 1121912
27938125568084, 1672315
27938127515772, 1196522
27938128940453, 1167152
27938130383629, 1062880
27938131696077, 985294
27938145146033, 980815
27938146386597, 977749
27938147598281, 1006220
27938148912721, 1337104
27938150548022, 1008362
27938151799369, 998302
27938153092966, 1018079
27938154332716, 958305
27938155548225, 972606
27938156741122, 930548
27938171608345, 1583739
27938173462975, 1024056
27938174753358, 962500
27938175968384, 963521
27938177250490, 925116
27938178479978, 955000
27938179654947, 963000
27938180822734, 979906
27938182067835, 983333
27938183311336, 945308
27938222119289, 1021445
27938223416402, 1055618
27938224749470, 961006
27938225984703, 978664
27938227220739, 980596
27938228492272, 972049
27938229699348, 935594
27938230841766, 920807
27938231999841, 995924
27938233274670, 940269
27938246809094, 948823
27938247990311, 959254
27938249279060, 943303
27938250503820, 1048090
27938251794037, 987303
27938252998599, 949770
27938254168131, 961760
27938255346307, 948611
27938256516307, 920041
27938257665152, 982418
27938270925707, 903036
27938272118285, 1002585
27938273379336, 938175
27938274552214, 920600
27938275722216, 961355
27938277012147, 985226
27938278291793, 1054594
27938279613368, 965465
27938280857838, 915637
27938282037105, 916130
27938283245105, 965090
27938284464011, 967889
27938285678534, 1181873
27938287121023, 1872334
27938289248337, 1307557
27938290801496, 986488
27938292099699, 1285445
27938293629146, 982657
27938294844070, 971247
27938296080373, 909359
27938343940531, 937511
27938345130876, 901031
27938346290018, 880140
27938347432369, 1296420
27938349052948, 1200102
27938350563864, 1252636
27938352120672, 1190121
27938353561971, 1196591
27938355026314, 1196796
27938356522243, 1225297
27938388175791, 1192113
27938389683589, 1213249
27938391225165, 1200721
27938392693301, 1242082
27938394175046, 1164031
27938395572151, 1226643
27938397035314, 1162203
27938398426677, 1177045
27938399860436, 1217789
27938401345132, 1184048
27938448846093, 1182667
27938450325887, 1165016
27938451735776, 1231343
27938453305903, 1160659
27938454717251, 1167577
27938456197612, 1159891
27938457607604, 1195625
27938459090805, 1164461
27938460545629, 1177825
27938462004037, 1159884
27938463486317, 1575748
27938465215597, 1220831
27938466749273, 1201373
27938468254252, 1226871
27938469771324, 1332608
27938471369269, 1234259
27938472859143, 1168862
27938474292520, 1125104
27938475676688, 1196984
27938477198982, 1151925
27938504333669, 886535
27938505531927, 855253
27938506692900, 840745
27938507813248, 931925
27938509058686, 907167
27938510258606, 886790
27938511454869, 893080
27938512571214, 873291
27938513668145, 848792
27938514739363, 845395
27938515849626, 900795
27938516989668, 856823
27938518082311, 850042
27938519159412, 831468
27938520229464, 870371
27938521311871, 855191
27938522376200, 824653
27938523414420, 862337
27938524492807, 854186
27938525555195, 827034
27938560242031, 869067
27938561362063, 891073
27938562476414, 854599
27938563550027, 867494
27938564620420, 839347
27938565670659, 835180
27938566727807, 839685
27938567794332, 854794
27938568853808, 821647
27938569890414, 827000
27938593665288, 856107
27938594803189, 891673
27938595971129, 885356
27938597109763, 843353
27938598221690, 842834
27938599309625, 898906
27938600455414, 861525
27938601533997, 843898
27938602602628, 859979
27938603684592, 853645
27938626632781, 854569
27938627722332, 865952
27938628847097, 877125
27938629947995, 858525
27938631031464, 832648
27938632115265, 852879
27938633188664, 836243
27938634240901, 825092
27938635283093, 855335
27938636364053, 859696
27938637471741, 847673
27938638534828, 867602
27938639614901, 915342
27938640752054, 851288
27938641799036, 848772
27938642853910, 848336
27938643913882, 866060
27938644992806, 824865
27938646038415, 847812
27938647092044, 833642
27938659198584, 886527
27938660334278, 855419
27938661409977, 881820
27938662518761, 934686
27938663693785, 865846
27938664758613, 874468
27938665846886, 832062
27938666893955, 849360
27938667955373, 854423
27938669033575, 817648
27938681195265, 865245
27938682313337, 843342
27938683390087, 861432
27938684473221, 860118
27938685542862, 855115
27938686591193, 829477
27938687634523, 855011
27938688708944, 842713
27938689771210, 841178
27938690825848, 819243
27938703035993, 842647
27938704175229, 897921
27938705328203, 850621
27938706423088, 842576
27938707510589, 840888
27938708602584, 877381
27938709741786, 846539
27938710839581, 824208
27938711898898, 856395
27938713005954, 855927
27938725127545, 851591
27938726210909, 887736
27938727319592, 871335
27938728464643, 855499
27938729555234, 831128
27938730614080, 830613
27938731680931, 861510
27938732761349, 825936
27938733795525, 811859
27938734828329, 832138
27938807862794, 888152
27938808983905, 846412
27938810068087, 828103
27938811121512, 813069
27938812153081, 845385
27938813255133, 814310
27938814299080, 812835
27938815326793, 839052
27938816439694, 818315
27938817530691, 801026
27938818606424, 1447888
27938820307034, 862495
27938821390271, 822799
27938822435645, 847687
27938823504205, 847672
27938824574824, 841303
27938825620093, 812806
27938826651967, 837615
27938827701814, 841942
27938828817762, 851857
27938850899985, 839225
27938851983018, 879239
27938853122826, 832374
27938854206024, 812609
27938855225133, 867840
27938856346170, 850139
27938857450417, 821207
27938858471053, 837628
27938859583221, 847485
27938860694026, 833799
27938861827747, 869972
27938862945206, 825871
27938864009112, 817372
27938865040184, 811845
27938866182163, 876900
27938867308858, 874679
27938868429212, 836510
27938869529912, 850597
27938870609500, 827047
27938871672098, 866274
27938872816207, 837525
27938873908897, 818485
27938874950823, 1028081
27938876308377, 835151
27938877445107, 1093187
27938878848832, 850735
27938879926684, 862486
27938881017269, 822168
27938882084675, 815244
27938883140164, 837384
27938884273213, 840969
27938885360335, 826553
27938886410846, 873528
27938887529153, 850056
27938888845503, 837465
27938889998281, 872382
27938891205469, 860699
27938892380508, 856309
27938893467589, 834515
27938894538567, 811319
27938930602836, 965405
27938931875120, 914378
27938933059336, 866358
27938934179628, 846380
27938935268689, 851945
27938936346392, 859375
27938937454003, 848684
27938938535739, 845068
27938939634217, 858734
27938940742747, 844069
27938941870299, 841157
27938942894864, 841419
27938943988651, 849702
27938945070553, 816188
27938946124815, 808124
27938947192150, 833887
27938948273058, 840187
27938949388561, 808816
27938950410369, 802972
27938951455918, 877877
27938985259867, 857207
27938986294404, 878833
27938987409626, 867403
27938988550839, 846350
27938989648920, 830176
27938990737057, 825295
27938991805744, 876593
27938992944386, 835944
27938994037963, 806259
27938995040380, 830325
27939007636904, 852682
27939008758397, 813355
27939009802973, 760875
27939010781310, 742319
27939011766305, 879371
27939012906329, 778885
27939013931830, 729902
27939014924454, 726859
27939015895118, 749713
27939016897322, 714496
27939017884026, 875137
27939018936125, 813873
27939019930929, 809209
27939021003430, 775063
27939022049660, 811795
27939023078743, 766470
27939024057916, 754131
27939025075835, 744770
27939026050854, 722594
27939027032345, 736252
27939028105440, 766686
27939029126956, 731213
27939030141570, 715964
27939031131157, 735599
27939032050668, 784247
27939033026711, 703247
27939033928841, 720701
27939034826407, 718650
27939035725737, 762543
27939036668419, 711619
27939037676307, 761529
27939038677755, 733061
27939039665134, 757863
27939040698556, 738477
27939041683022, 757057
27939042644090, 748266
27939043627043, 728764
27939044586125, 707908
27939045490292, 781489
27939046505131, 752504
27939058023280, 851244
27939059161373, 763454
27939060182159, 749592
27939061179080, 759547
27939062163573, 765556
27939063125687, 743024
27939064147083, 752912
27939065133278, 747777
27939066120164, 721947
27939067043261, 712647
27939077913423, 760729
27939078935974, 766007
27939079982328, 764415
27939080989982, 728387
27939081939571, 770309
27939082944053, 745727
27939084159195, 758371
27939085172394, 742145
27939086174135, 715407
27939087147897, 1220658
27939088645120, 1151250
27939090042288, 1284600
27939091526782, 1146062
27939092903900, 995897
27939094145447, 1127263
27939095548533, 945939
27939096765982, 892771
27939097914233, 860355
27939099047353, 872818
27939100172748, 897905
27939114347174, 876387
27939115479498, 899609
27939116639602, 864060
27939117767860, 862720
27939118879672, 840730
27939120029421, 858218
27939121184194, 855069
27939122267782, 897435
27939123419640, 876389
27939124500413, 832653
27939125609135, 854393
27939126732820, 838952
27939127834641, 878594
27939128973335, 828310
27939130027754, 841357
27939131121518, 1017718
27939132431010, 885625
27939133593609, 842698
27939134702184, 868628
27939135830870, 890284
27939137004100, 875278
27939138149510, 854463
27939139248876, 846117
27939140380094, 839285
27939141477578, 869196
27939142577863, 854017
27939143679433, 872005
27939144811268, 848567
27939145903244, 827703
27939147007422, 827534
27939148112437, 905855
27939149203490, 842236
27939150270907, 882927
27939151423829, 879879
27939152537134, 897331
27939153661542, 840429
27939154760570, 833549
27939155863146, 846173
27939156963636, 839919
27939158090216, 838850
27939159206199, 886592
27939160324632, 853977
27939161408326, 844521
27939162544085, 868498
27939163625996, 868559
27939164650474, 826603
27939165691090, 830534
27939166739322, 825065
27939167798252, 846174
27939168808678, 819494
27939181595970, 872768
27939182754283, 902328
27939183906945, 1032367
27939185215554, 898479
27939186335813, 858137
27939187432985, 889676
27939188573102, 884624
27939189710844, 839811
27939190828400, 887642
27939191949273, 908570
27939214428458, 884393
27939215578218, 885325
27939216683918, 837330
27939217794950, 846409
27939218842534, 847494
27939219947864, 852992
27939221042314, 828078
27939222119768, 1122903
27939223466364, 974443
27939224621947, 897251
27939247517235, 905560
27939248644600, 882618
27939249759000, 851446
27939250818309, 882764
27939251942008, 898649
27939253050674, 919737
27939254225048, 896455
27939255359850, 911738
27939256545083, 875467
27939257671040, 849655
27939269901949, 980483
27939271174691, 970954
27939272379052, 900543
27939273476454, 876500
27939274616756, 848989
27939275713242, 874162
27939276772928, 877548
27939277878447, 880409
27939279025797, 890049
27939280171586, 861247
27939281296497, 910363
27939282394279, 944224
27939283539909, 882121
27939284631514, 851895
27939285702422, 820577
27939286739308, 909942
27939287866074, 904746
27939288995161, 872192
27939290101837, 831956
27939291108933, 945217
27939303217221, 860260
27939304365577, 1071071
27939305674672, 872760
27939306789411, 838070
27939307840506, 894806
27939308949167, 852611
27939309996328, 901573
27939311114473, 835375
27939312196772, 891749
27939313354353, 839893
27939314482772, 891431
27939315613595, 954573
27939316820935, 882346
27939317933565, 849943
27939319030668, 838129
27939320085775, 908984
27939321206357, 874809
27939322293416, 894614
27939323427888, 877493
27939324547142, 861087
27939346843844, 871645
27939348017521, 907988
27939349123781, 880889
27939350218075, 846470
27939351317466, 887778
27939352443275, 903040
27939353577513, 887781
27939354686688, 888822
27939355771406, 865688
27939356898774, 836838
27939358020487, 930866
27939359211943, 869145
27939360272211, 843503
27939361332089, 838366
27939362360747, 846956
27939363459525, 888038
27939364587751, 1102316
27939365914032, 795471
27939366941473, 779830
27939367997216, 811067
27939369035924, 802322
27939370076754, 776782
27939371085369, 762257
27939372076687, 818540
27939373149515, 773732
27939374128515, 763968
27939375135203, 738121
27939376135334, 775136
27939377124269, 750172
27939378145389, 768412
27939388726617, 754281
27939389837586, 838314
27939390952577, 831151
27939392038007, 828200
27939393111095, 812207
27939394198566, 771099
27939395191695, 748129
27939396156206, 991528
27939397383348, 855157
27939398496193, 832147
27939399621585, 899819
27939400720566, 844786
27939401798991, 834682
27939402923806, 798557
27939403993730, 934880
27939405152430, 856014
27939406263867, 798417
27939407335512, 840348
27939408460748, 858881
27939409590736, 829610
27939410697116, 855154
27939411786391, 865894
27939412920701, 858978
27939414039513, 828181
27939415072685, 857418
27939416195649, 849158
27939417294206, 835171
27939418368989, 849125
27939419504280, 856956
27939420625293, 869140
27939432413894, 864502
27939433493573, 917604
27939434641354, 867386
27939435802185, 878569
27939436947467, 820470
27939438036572, 832081
27939439164494, 874345
27939440329058, 832378
27939441465291, 815674
27939442545096, 816534
27939456761769, 882378
27939457973182, 854252
27939459107703, 825678
27939460200148, 866913
27939461352703, 835840
27939462455251, 834853
27939463506957, 849684
27939464603310, 878979
27939465727171, 869819
27939466786551, 823889
27939478499222, 855785
27939479575570, 872512
27939480712991, 829170
27939481742123, 854341
27939482811909, 836797
27939483882266, 841362
27939484987173, 809069
27939486073791, 839702
27939487189347, 902313
27939488335560, 859557
27939489408599, 837273
27939490476739, 826770
27939491523353, 844455
27939492623942, 821425
27939493716098, 809476
27939494733407, 813887
27939495815816, 856627
27939496921463, 807183
27939497946268, 854805
27939498998472, 793430
27939500086844, 847423
27939501223674, 850108
27939502293088, 859608
27939503421303, 829159
27939504483082, 811166
27939505520614, 823241
27939506579804, 797800
27939507563367, 877700
27939508608918, 835032
27939509638592, 825824
27939577158035, 809877
27939578169307, 844004
27939579207549, 830343
27939580229128, 820830
27939581228980, 802689
27939582219242, 810183
27939583215144, 828420
27939584226140, 817781
27939585234101, 794133
27939586215155, 807779
27939617519284, 820471
27939618553926, 822145
27939619562667, 822885
27939620639510, 780013
27939621671841, 827921
27939622766663, 922595
27939623940103, 874044
27939625013995, 831420
27939626063694, 860026
27939627170700, 800837
27939628250276, 877629
27939629385470, 847818
27939630476773, 811361
27939631519122, 832536
27939632595938, 820809
27939633604199, 804135
27939634652704, 799717
27939635633506, 813210
27939636629582, 772702
27939637572679, 772037
27939666952426, 818621
27939667963931, 871634
27939669035898, 838008
27939670084886, 807834
27939671074866, 787113
27939672069051, 825369
27939673063906, 796199
27939674017782, 820967
27939675054257, 809205
27939676064696, 822068
27939677091236, 829894
27939678110906, 832903
27939679108171, 823261
27939680180612, 814229
27939681180544, 787325
27939682173533, 812030
27939683171093, 792154
27939684136198, 796389
27939685106418, 784859
27939686066445, 815876
27939687083613, 833710
27939688122881, 814040
27939689147871, 803337
27939690184693, 779693
27939691117602, 846077
27939692181697, 1171052
27939693568122, 1114853
27939694874131, 1176876
27939696243123, 1126332
27939697571713, 1152205
27939725691668, 1147846
27939727027847, 1131709
27939728357557, 1327996
27939729926912, 1153095
27939731265321, 1153806
27939732605302, 1153274
27939733950639, 1165989
27939735309883, 1132917
27939736650123, 1142881
27939738035671, 1139397
27939739406485, 1164201
27939740769998, 1103887
27939742068403, 1162073
27939743416794, 1134604
27939744743875, 1112598
27939746041242, 1088922
27939747305558, 1181370
27939748671205, 1161612
27939750044005, 1120374
27939751366154, 1219720
27939752806117, 1109624
27939754120104, 1134347
27939755431641, 1119297
27939756782270, 1148339
27939758175065, 1142320
27939759529864, 1171111
27939760917568, 1106600
27939762254297, 1132186
27939763585507, 1124055
27939764899060, 1146702
27939804072783, 794133
27939805108742, 3083779
27939808438057, 830127
27939809546261, 777328
27939810578800, 746574
27939811581541, 800635
27939812575902, 769783
27939813570522, 742578
27939814519800, 716938
27939815432534, 742073
27939816464944, 741669
27939817442057, 719870
27939818356953, 745006
27939819309925, 744161
27939820275518, 762062
27939821267196, 748299
27939822226214, 726128
27939823142846, 711896
27939824044757, 734453
27939824982503, 731746
27939835461118, 778360
27939836439412, 756489
27939837393599, 729423
27939838333933, 729833
27939839218817, 726455
27939840122201, 762439
27939841040934, 730839
27939841977412, 759360
27939842904059, 732699
27939843804083, 737423
27939872371131, 758277
27939873333778, 741988
27939874263833, 748028
27939875179397, 724924
27939876102388, 723476
27939877030164, 715198
27939877957657, 736498
27939878890479, 713571
27939879805866, 741420
27939880727613, 717536
27939891043360, 747938
27939891992818, 806222
27939892983836, 759619
27939893915809, 721855
27939894794432, 708548
27939895676075, 728272
27939896620641, 720685
27939897522017, 711754
27939898418306, 737334
27939899322701, 739533
27939900273988, 763998
27939901234071, 725040
27939902157934, 725839
27939903060612, 717136
27939903938246, 732423
27939904839514, 702124
27939905695685, 687323
27939906548641, 701914
27939907460424, 712412
27939908327766, 715834
27939918675432, 747655
27939919615736, 743892
27939920581982, 737920
27939921532194, 721049
27939922460640, 739119
27939923377810, 734160
27939924280431, 716084
27939925171148, 717278
27939926058200, 710879
27939926918104, 707734
27939946254128, 763615
27939947210806, 740414
27939948154184, 735607
27939949053921, 721140
27939949973018, 739256
27939950884503, 725798
27939951768151, 748841
27939952676958, 707638
27939953565143, 726588
27939954472769, 713791
27939955398063, 767180
27939956350811, 740564
27939957294860, 709901
27939958205915, 722386
27939959115697, 717142
27939960017151, 719939
27939960922747, 702439
27939961789888, 746256
27939962723145, 711521
27939963620594, 727273
27939964567119, 752486
27939965497941, 721652
27939966388701, 713102
27939967251072, 712663
27939968196972, 726997
27939969108492, 716222
27939970017069, 709011
27939970889264, 705250
27939971778142, 726172
27939972710657, 710572
27939973680367, 727845
27939974592602, 704348
27939975518711, 719534
27939976422692, 700959
27939977287985, 722619
27939978213291, 720801
27939979102221, 705702
27939979968416, 747703
27939980899827, 718391
27939981779660, 724711
27939992204933, 774274
27939993178295, 754523
27939994123097, 738429
27939995045830, 720149
27939995911188, 741351
27939996822559, 710168
27939997697207, 759681
27939998632061, 717912
27939999532037, 732166
27940000469385, 723390
27940001425428, 753452
27940002353846, 723983
27940003284913, 708462
27940004220691, 751758
27940005135965, 720619
27940006021698, 717753
27940006921326, 713224
27940007807542, 745314
27940008721623, 700293
27940009603727, 702603
27940030786149, 825525
27940031816752, 850798
27940032850398, 804700
27940033833864, 792566
27940034786180, 816896
27940035775349, 813565
27940036771550, 952857
27940037949610, 872235
27940039021210, 785405
27940039966333, 803240
27940071007319, 970110
27940072188949, 856710
27940073269050, 806037
27940074274037, 810837
27940075310356, 826094
27940076310733, 795287
27940077272601, 822001
27940078301264, 801082
27940079266238, 804132
27940080228169, 805891
27940081236279, 796159
27940082215980, 793378
27940083226724, 871393
27940084284479, 834915
27940085303833, 810390
27940086294429, 800674
27940087275536, 812275
27940088288027, 789937
27940089243331, 806277
27940090241315, 798700
27940091240024, 842031
27940092269081, 822097
27940093324758, 804559
27940094299103, 775960
27940095240588, 821937
27940096253449, 801347
27940097212883, 798345
27940098222382, 2607656
27940101054960, 863790
27940102157980, 829851
27940103232406, 861490
27940104327063, 820003
27940105334145, 794742
27940106310696, 780830
27940107268044, 828219
27940108298684, 803509
27940109294025, 784243
27940110280059, 805901
27940111282119, 813100
27940112278736, 806328
27940113320212, 822420
27940114363998, 795412
27940115338329, 810262
27940116365720, 811195
27940117368776, 800510
27940118392893, 798697
27940119395753, 809282
27940120401318, 790211
27940121391099, 779767
27940122369876, 818218
27940123413323, 829264
27940124411775, 830591
27940125426318, 801121
27940126410240, 836507
27940127429791, 847202
27940128485692, 810000
27940129473275, 779928
27940130425166, 799287
27940131397285, 817470
27940132373082, 824288
27940133436193, 814169
27940134417320, 810002
27940135408096, 811022
27940136383548, 781012
27940137330270, 792146
27940138318614, 797601
27940139291868, 801978
27940140272506, 809940
27940141256169, 788025
27940142220623, 831267
27940143267139, 837366
27940144268328, 793189
27940145235443, 784094
27940146187806, 784405
27940147134914, 791035
27940148137408, 810460
27940149124167, 793795
27940150095856, 782585
27940151032023, 776895
27940151976755, 828819
27940163225908, 852299
27940164288089, 827106
27940165312009, 811642
27940166302513, 804842
27940167262836, 819323
27940168256644, 799552
27940169216389, 874944
27940170264526, 797818
27940171233821, 824187
27940172236342, 810295
27940224186687, 851682
27940225239362, 836473
27940226253561, 823942
27940227260879, 827768
27940228270790, 804758
27940229260191, 786049
27940230230982, 804532
27940231254949, 821893
27940232261271, 796443
27940233236880, 788603
27940234250938, 801963
27940235230799, 819152
27940236241986, 863652
27940237278815, 838563
27940238297558, 815210
27940239298339, 807397
27940240298663, 805531
27940241299791, 839254
27940242319395, 804854
27940243289554, 800617
27940284165553, 853525
27940285219162, 819309
27940286216459, 828432
27940287248100, 827533
27940288275274, 801106
27940289309717, 777799
27940290292608, 814977
27940291305722, 819827
27940292330207, 796334
27940293313881, 791985
27940324426609, 826381
27940325475941, 857862
27940326524453, 812746
27940327521863, 818374
27940328549629, 825114
27940329602150, 819934
27940330651649, 906808
27940331825765, 1453235
27940333504339, 974588
27940334678564, 856744
27940347869533, 891297
27940348989935, 866111
27940350074949, 831474
27940351093360, 799733
27940352090971, 811275
27940353072866, 790139
27940354086020, 802774
27940355051424, 790873
27940356036540, 781952
27940356987558, 782790
27940358008147, 796165
27940358983389, 804127
27940359951800, 807828
27940360939492, 814652
27940361929460, 801476
27940362910379, 785056
27940363881205, 973810
27940365069965, 983728
27940366244142, 809356
27940367210360, 815316
27940368223469, 860416
27940369288323, 823573
27940370303126, 884998
27940371422031, 841125
27940372464684, 815403
27940373444250, 800858
27940374426808, 788998
27940375399290, 795641
27940376364646, 779800
27940377333946, 808861
27940378379054, 848026
27940379434218, 825387
27940380437492, 824782
27940381443916, 813417
27940382459335, 790945
27940383406886, 785219
27940384399524, 808672
27940385379283, 781402
27940386338893, 767920
27940387277590, 798758
27940388284957, 814657
27940389279518, 790508
27940390236546, 772069
27940391176720, 772007
27940392146079, 781163
27940393104762, 785980
27940394077510, 802681
27940395047092, 778800
27940396040461, 801651
27940397044146, 764980
27940398016193, 825068
27940399055034, 804492
27940400049754, 790144
27940401008878, 881439
27940402073496, 818457
27940403051230, 835030
27940404081820, 811319
27940405063427, 812152
27940406053097, 779263
27940407012379, 787584
27940408011394, 830614
27940409031101, 797220
27940409998483, 789702
27940410959201, 783875
27940411919879, 821262
27940412916306, 945732
27940414066011, 830268
27940415094409, 800644
27940416079116, 790529
27940417045040, 779903
27940431135620, 835769
27940432187390, 838512
27940433208075, 822678
27940434206392, 791727
27940435191699, 792658
27940436179878, 824605
27940437172493, 804615
27940438156858, 794963
27940439137237, 792136
27940440122816, 782811
27940441128000, 791376
27940442116904, 820642
27940443100348, 815986
27940444116875, 786092
27940445066554, 801303
27940446049815, 788037
27940446998090, 783799
27940447950541, 837309
27940448969746, 816810
27940449949003, 794021
27940450968195, 835462
27940451996279, 848661
27940453030217, 846901
27940454055998, 799106
27940455027099, 787004
27940455990258, 810886
27940456970386, 811831
27940457959872, 791152
27940458931928, 775332
27940459888834, 832837
27940481603045, 738704
27940482571095, 715695
27940483487621, 712770
27940484400292, 742603
27940485348150, 713019
27940486265406, 692537
27940487156980, 813467
27940488196445, 759233
27940489158809, 705833
27940490052094, 681246
27940490956204, 743113
27940491900501, 757789
27940492869279, 704077
27940493762951, 712491
27940494664581, 692955
27940495548396, 700342
27940496423320, 707699
27940497308718, 682965
27940498179850, 725600
27940499078826, 699245
27940499978730, 761663
27940500930400, 710394
27940501814923, 718011
27940502715477, 683506
27940503566763, 718458
27940504468186, 732717
27940505368167, 706739
27940506250609, 684041
27940507107452, 680980
27940507951447, 736370
27940508901912, 713663
27940509786610, 687465
27940510643235, 690069
27940511515995, 709925
27940512412069, 710448
27940513298559, 693370
27940514158713, 694490
27940515024825, 707769
27940515903597, 708165
27940516781459, 672876
27940527011306, 772338
27940527974869, 767042
27940528925497, 749211
27940529861722, 708140
27940530752837, 732469
27940531656038, 748453
27940532601092, 712647
27940533497898, 709599
27940534390091, 715667
27940535284264, 692717
27940545688326, 776357
27940546673878, 740707
27940547589324, 739980
27940548514856, 736873
27940549425090, 708266
27940550310135, 699181
27940551200020, 790251
27940552188545, 786087
27940553171013, 709202
27940554056139, 691224
27940555006195, 749281
27940555943010, 733501
27940556870079, 692710
27940557771065, 706278
27940558651260, 683985
27940559502114, 682365
27940560382347, 702177
27940561279752, 692080
27940562171899, 706814
27940563053881, 663709
27940564068837, 768172
27940565045020, 729560
27940565965882, 686627
27940566828881, 677957
27940567699336, 718052
27940568600665, 915766
27940569704904, 699074
27940570583321, 678558
27940571461738, 704008
27940572362736, 675220
27940591785997, 804111
27940592797632, 752447
27940593737611, 724925
27940594644555, 700511
27940595526306, 719472
27940596432135, 723470
27940597341081, 716766
27940598237537, 725235
27940599146279, 702444
27940600037135, 699389
27940619102089, 727465
27940620044245, 736609
27940620982482, 729147
27940621900492, 755450
27940622834256, 728760
27940623737543, 720084
27940624636804, 704097
27940625516203, 711484
27940626408736, 695304
27940627267418, 698619
27940628179326, 708169
27940629071080, 701573
27940629952301, 732382
27940630870795, 699292
27940631735145, 724095
27940632634559, 707066
27940633520889, 693628
27940634393659, 694764
27940635258372, 701137
27940636147043, 691285
27940664717781, 749367
27940665684498, 762362
27940666632078, 731236
27940667538317, 729192
27940668453714, 702658
27940669344153, 715115
27940670246634, 711112
27940671143324, 724861
27940672060336, 727024
27940672965828, 701356
27940673855502, 724711
27940674766498, 709711
27940675658954, 722663
27940676559135, 726094
27940677458989, 702952
27940678357753, 715874
27940679244287, 693671
27940680124911, 696754
27940680996455, 691939
27940681855585, 730176
27940691899198, 777604
27940692881106, 766567
27940693842601, 755886
27940694783002, 725374
27940695687997, 752819
27940696600821, 739963
27940697540919, 732650
27940698453291, 762526
27940699397892, 756463
27940700335633, 756434
27940701293482, 763811
27940702244154, 733284
27940703158650, 722266
27940704075080, 720307
27940704975213, 713417
27940705864491, 723545
27940706776549, 838202
27940707821469, 761326
27940708761304, 3481232
27940712433035, 790402
27940740500360, 727341
27940741456533, 739644
27940742387811, 751117
27940743336722, 732197
27940744243556, 718447
27940745124304, 690040
27940745973261, 704321
27940746840779, 696687
27940747710083, 716975
27940748616223, 701688
27940749530425, 700209
27940750422588, 684547
27940751313173, 676790
27940752178732, 714547
27940753074373, 690899
27940753933605, 688459
27940754792368, 703403
27940755669632, 711275
27940756563571, 681088
27940757432427, 697303
27940767314682, 750172
27940768281601, 736974
27940769211894, 741671
27940770139546, 708360
27940771025974, 705467
27940771895618, 724395
27940772792009, 690562
27940773667746, 691594
27940774541320, 684836
27940775404915, 697433
27940776296705, 738643
27940777207530, 709415
27940778091151, 695606
27940778956578, 708727
27940779835517, 706124
27940780725067, 683127
27940781586011, 692402
27940782458735, 683120
27940783315447, 676503
27940784179428, 691686
27940785066020, 683946
27940785925741, 666861
27940786765726, 663777
27940787589914, 710053
27940788479855, 703341
27940789369106, 697881
27940790237789, 708531
27940791116934, 693290
27940791981306, 744477
27940792908213, 705951
27940802919182, 733035
27940803851469, 737612
27940804777553, 707946
27940805668598, 697679
27940806547385, 711661
27940807432133, 711641
27940808319483, 717306
27940809213431, 706226
27940810088268, 693559
27940810944633, 689167
27940811821187, 736249
27940812736366, 685728
27940813598211, 680074
27940814454530, 688286
27940815310366, 674994
27940816166847, 692497
27940817028690, 694631
27940817900194, 703089
27940818785216, 689737
27940819659636, 721205
27940856222855, 699038
27940857114752, 740565
27940858045497, 722284
27940858942613, 697563
27940859814653, 707593
27940860695401, 675899
27940861543299, 719111
27940862443782, 690538
27940863332135, 692465
27940864219864, 686581
27940865121787, 1076342
27940866387043, 688435
27940867255357, 681444
27940868122069, 719636
27940869015442, 686051
27940869858683, 675563
27940870696870, 688233
27940871568345, 701751
27940872492135, 688532
27940873310253, 666214
27940883322577, 744365
27940884274372, 719884
27940885182818, 694494
27940886048584, 680752
27940886896427, 680898
27940887758709, 737091
27940888681665, 702877
27940889589057, 688108
27940890486656, 687623
27940891334362, 698193
27940910053512, 713696
27940910958724, 703845
27940911848282, 742439
27940912777765, 708921
27940913668754, 692871
27940914548854, 676421
27940915416489, 696525
27940916301356, 710560
27940917185003, 686938
27940918045451, 676175
27940927822809, 743994
27940928760680, 713114
27940929654095, 693372
27940930518779, 681753
27940931378119, 690402
27940932245663, 695810
27940933126491, 690297
27940933987303, 711954
27940934876111, 712183
27940935768185, 696939
27940963464971, 731187
27940964401494, 716486
27940965309389, 700647
27940966186865, 676208
27940967038378, 686167
27940967896732, 698914
27940968764209, 677742
27940969616997, 689728
27940970498249, 684598
27940971346536, 684700
27940972237149, 724312
27940973140833, 690901
27940974007371, 677337
27940974848683, 673591
27940975701032, 710800
27940976578691, 674950
27940977423344, 676812
27940978282383, 688475
27940979142780, 670186
27940979979038, 702786
27941000311603, 767721
27941001317298, 747320
27941002254426, 709396
27941003142992, 689345
27941003999027, 723724
27941004907424, 693252
27941005772109, 687973
27941006647040, 670917
27941007491768, 698207
27941008370869, 684677
27941018412630, 749263
27941019372286, 766690
27941020337417, 725197
27941021239867, 691973
27941022102357, 695441
27941022969428, 681983
27941023819361, 714634
27941024720994, 681397
27941025579005, 675121
27941026423332, 665547
27941027285162, 687495
27941028182155, 686049
27941029035840, 674447
27941029894401, 677733
27941030748617, 670783
27941031583850, 687686
27941032435090, 669157
27941033272854, 677425
27941034131263, 679155
27941034978055, 664133
27941035830948, 696038
27941036709195, 662734
27941037547429, 654067
27941038393366, 682307
27941039271491, 698413
27941040153844, 702161
27941041022960, 681310
27941041884923, 688046
27941042726374, 674287
27941043568782, 689203
27941053657795, 700424
27941054546580, 735944
27941055469971, 714775
27941056361995, 686647
27941057223381, 674476
27941058079436, 681946
27941058931984, 678970
27941059795770, 682030
27941060650521, 685454
27941061525643, 684075
27941071456597, 760388
27941072426800, 741930
27941073358271, 708193
27941074247054, 701503
27941075127086, 694776
27941076012368, 714372
27941076911230, 685793
27941077779759, 691006
27941078659974, 691645
27941079518346, 760240
27941089788527, 707117
27941090702523, 738821
27941091620748, 738856
27941092551794, 697455
27941093427450, 695572
27941094301755, 708071
27941095188662, 685716
27941096069270, 690501
27941096934408, 664151
27941097778789, 679085
27941107410010, 719346
27941108327746, 726976
27941109240556, 695264
27941110115975, 685769
27941110977442, 664039
27941111806772, 713384
27941112690478, 692279
27941113570257, 661129
27941114411231, 661687
27941115252990, 698175
27941142180093, 708993
27941143102793, 706259
27941143987389, 708821
27941144869460, 707849
27941145756910, 689137
27941146614506, 696686
27941147480389, 683061
27941148357726, 673640
27941149210081, 656339
27941150034813, 650865
27941159653837, 711879
27941160570281, 678861
27941161437057, 672847
27941162286102, 700245
27941163153542, 685404
27941164029498, 686830
27941164880294, 667102
27941165724175, 691303
27941166587069, 673350
27941167434835, 727784
27941186079011, 719280
27941186993231, 722814
27941187906964, 712406
27941188847245, 704696
27941189773093, 685564
27941190670370, 695676
27941191541460, 714000
27941192428468, 697333
27941193309716, 700898
27941194192617, 689409
27941195073222, 717597
27941195964907, 715768
27941196859751, 668760
27941197713636, 687746
27941198588894, 688196
27941199451356, 686091
27941200310728, 693332
27941201190585, 672379
27941202033482, 680496
27941202886208, 654559
27941212467796, 690016
27941213341836, 724122
27941214254203, 695213
27941215134197, 676267
27941215973797, 688240
27941216826778, 658395
27941217649820, 681627
27941218520538, 670157
27941219371941, 674645
27941220219001, 690619
27941221114495, 682553
27941221977511, 928368
27941223100304, 763387
27941224063452, 726201
27941224969629, 696453
27941225856066, 680168
27941226708802, 676710
27941227565658, 700790
27941228434679, 671066
27941229288725, 698286
27941230187295, 684325
27941231043509, 664701
27941231869516, 697856
27941232739407, 682821
27941233592070, 667036
27941234427873, 657722
27941235273259, 667877
27941236120290, 658930
27941236889258, 664446
27941237673192, 651961
27941238487815, 717109
27941239316484, 697695
27941240143752, 686384
27941240975348, 666634
27941241808412, 703082
27941242684401, 670073
27941243531317, 684071
27941244378704, 666904
27941245209002, 667341
27941246038468, 662775
27941255623489, 708830
27941256520134, 692555
27941257387079, 675294
27941258227455, 677698
27941259078079, 683708
27941259936010, 695779
27941260797259, 677249
27941261641559, 670295
27941262487907, 667803
27941263322005, 669198
27941274684400, 677628
27941275547885, 740456
27941276471795, 709210
27941277355218, 681202
27941278203449, 675353
27941279032803, 707946
27941279913095, 715872
27941280836998, 678405
27941281711785, 698752
27941282600485, 712794
27941283515873, 703495
27941284381159, 695652
27941285253665, 672621
27941286096190, 668308
27941286948319, 684888
27941287813476, 668272
27941288655913, 672756
27941289500994, 676466
27941290350348, 677672
27941291187886, 859395
27941292274918, 738139
27941293181671, 705710
27941294059934, 729202
27941294966808, 718165
27941295848446, 730430
27941296757394, 686425
27941297613298, 666982
27941298447574, 649510
27941299260975, 657863
27941300101264, 684499
27941309670330, 685502
27941310544227, 707761
27941311424156, 700772
27941312302953, 672480
27941313141577, 660113
27941313976039, 662113
27941314795740, 671037
27941315619499, 670031
27941316449428, 651326
27941317258507, 642036
27941344031490, 726160
27941344951713, 700577
27941345817521, 682492
27941346664780, 665532
27941347504367, 678872
27941348350549, 686439
27941349204599, 658798
27941350026230, 721891
27941350921642, 705503
27941351808505, 703459
27941352689954, 667765
27941353533151, 650391
27941354351117, 656852
27941355177563, 649138
27941355984278, 677326
27941356848578, 657890
27941357669999, 652736
27941358492769, 639758
27941359287513, 640292
27941360092496, 673880
27941360945722, 681995
27941361797894, 672662
27941362635532, 657745
27941363498766, 678737
27941364343255, 666427
27941365190719, 669682
27941366019671, 677978
27941366865192, 662503
27941367694491, 680537
27941368556002, 653098
27941378159188, 675709
27941379018818, 715584
27941379914252, 705987
27941380780793, 711902
27941381655525, 702904
27941382532994, 705052
27941383422297, 688585
27941384279268, 678276
27941385135013, 661634
27941385956540, 655370
27941386788165, 655473
27941387596828, 681913
27941388447164, 685734
27941389303025, 670689
27941390128525, 658860
27941390945796, 663956
27941391771719, 685516
27941392610079, 660361
27941393436182, 664206
27941394267260, 661568
27941403881411, 715106
27941404800240, 680262
27941405664578, 687850
27941406536638, 671678
27941407370571, 676721
27941408219408, 705038
27941409107436, 670792
27941409944624, 658626
27941410774108, 642957
27941411576868, 677211
27941412423060, 669134
27941413259169, 657873
27941414091666, 648954
27941414912998, 655236
27941415744078, 658111
27941416570388, 649470
27941417379832, 685284
27941418229980, 691757
27941419080983, 678118
27941419924106, 692186
27941429569709, 676551
27941430435120, 705984
27941431312864, 683564
27941432202281, 676970
27941433047065, 661212
27941433870902, 667602
27941434694798, 659073
27941435520930, 650891
27941436339266, 637311
27941437129069, 634830
27941455287886, 672422
27941456170123, 747220
27941457102580, 690859
27941457965054, 672319
27941458792169, 654610
27941459629162, 657995
27941460462486, 668542
27941461312802, 649082
27941462140730, 655870
27941462981823, 671045
27941463841624, 680085
27941464713076, 647172
27941465539414, 668045
27941466389246, 651986
27941467211894, 648460
27941468041786, 671131
27941468883812, 644001
27941469697983, 640511
27941470514147, 638043
27941471322495, 638243
27941472165866, 667323
27941473008799, 697767
27941473878774, 662093
27941474710103, 646404
27941475523039, 643843
27941476364616, 647201
27941477190650, 662380
27941478021508, 663767
27941478848721, 642861
27941479659220, 666898
27941498213252, 685266
27941499240610, 772395
27941500181866, 711145
27941501067819, 676130
27941501914565, 676172
27941502757351, 665304
27941503598536, 673445
27941504449015, 658461
27941505273637, 650203
27941506094673, 645461
27941524081344, 701794
27941524982555, 705304
27941525873504, 670936
27941526715968, 652112
27941527534692, 649308
27941528356462, 644161
27941529164989, 635531
27941529968962, 665367
27941530793150, 639545
27941531593100, 656203
27941532424902, 691405
27941533286521, 660987
27941534115542, 646439
27941534920936, 640410
27941535734371, 663925
27941536559924, 627350
27941537349305, 624047
27941538134588, 634851
27941538920969, 648921
27941539738605, 659036
27941540558325, 2570902
27941543299433, 674845
27941544149612, 672217
27941544973842, 654802
27941545789567, 671491
27941546601041, 728237
27941547464856, 705324
27941548294398, 662346
27941549100421, 644427
27941549878259, 656511
27941550693267, 685664
27941551531226, 696550
27941552384903, 986187
27941553518971, 681225
27941554352895, 639654
27941555190991, 1367434
27941556727267, 804761
27941557686794, 764218
27941558597401, 793282
27941559548607, 735897
27941560472387, 805077
27941561454088, 804904
27941562419713, 786442
27941563350602, 735435
27941564232518, 750115
27941565145168, 727684
27941566053359, 741674
27941566953607, 735948
27941567841495, 750964
27941568740169, 712038
27941569621262, 730476
27941570499590, 726165
27941571382193, 741758
27941572280293, 734277
27941573167440, 708992
27941574041316, 712319
27941574902210, 733428
27941575796750, 734334
27941576681494, 703938
27941577534436, 717708
27941578414284, 728500
27941579294161, 750036
27941580192974, 726984
27941581081551, 718350
27941581948214, 804126
27941582896867, 715756
27941583756221, 746273
27941584687449, 725091
27941585590378, 821075
27941586579071, 721865
27941597577402, 762899
27941598540277, 777791
27941599490715, 778953
27941600425895, 749253
27941601329315, 728480
27941602232676, 741522
27941603126799, 738162
27941604046398, 765275
27941604963019, 731879
27941605846486, 720782
27941625170098, 764670
27941626133884, 758264
27941627057970, 758332
27941627973327, 768274
27941628908258, 735619
27941629807245, 726195
27941630685628, 768135
27941631605552, 765104
27941632536272, 736055
27941633425234, 711108
27941634313664, 761450
27941635239023, 740459
27941636168400, 729956
27941637081807, 728094
27941637962667, 889244
27941639009840, 734465
27941639900571, 919988
27941640974353, 788528
27941641910898, 764227
27941642826425, 733157
27941643735749, 762884
27941644650231, 720168
27941645516954, 711658
27941646380947, 738768
27941647279248, 811187
27941648239313, 741928
27941649136262, 719686
27941650006361, 711227
27941650869731, 708757
27941651724650, 737007
27941662193278, 770350
27941663160336, 755915
27941664087247, 748066
27941664999270, 728071
27941665891145, 725580
27941666782450, 726261
27941667668352, 726138
27941668551924, 712555
27941669423036, 978817
27941670556762, 901717
27941680919835, 756607
27941681859912, 768179
27941682800880, 751244
27941683722406, 757272
27941684663576, 718107
27941685555702, 696677
27941686425262, 710543
27941687289323, 727380
27941688175897, 723019
27941689041154, 728444
27941714982252, 1120873
27941716300726, 1054297
27941717552884, 1081662
27941718825772, 1112381
27941720142789, 1077714
27941721410570, 1067405
27941722674672, 1051990
27941723905540, 1084410
27941725173629, 1033698
27941726404133, 1052015
27941727687300, 1075621
27941728943796, 1068272
27941730202881, 1046560
27941731432000, 1116646
27941732735012, 1054037
27941733969141, 1049132
27941735195666, 1043609
27941736453637, 1110409
27941737750848, 1042771
27941738973254, 1099840
27941752895692, 1064333
27941754154992, 1034581
27941755373875, 1080458
27941756655859, 1021661
27941757877598, 1057977
27941759132841, 1055165
27941760367414, 1069636
27941761616868, 1034915
27941762826463, 1017047
27941764043210, 1054498
27941765297426, 1037305
27941766526939, 1056486
27941767765427, 1083158
27941769022034, 1030141
27941770246936, 1070544
27941771494286, 1060263
27941772743870, 1060816
27941773984043, 1043654
27941775210047, 1083409
27941776486996, 1027336
27941777711929, 1065336
27941778958111, 1056717
27941780182796, 1083295
27941781446032, 1051040
27941782672860, 1069328
27941783922640, 1047828
27941785184434, 1064449
27941786455684, 1043609
27941787667050, 1095441
27941788944326, 1048467
27941790184985, 1075896
27941791436267, 1086827
27941792705435, 1036857
27941793927074, 1019543
27941795128684, 1103441
27941796410571, 1050899
27941797630424, 1082688
27941798890231, 1047874
27941800114781, 1059148
27941801346341, 1050493
27941815092398, 1061361
27941816358106, 1095710
27941817641319, 1056621
27941818849811, 1082704
27941820103791, 1061718
27941821296894, 1085340
27941822550431, 1059433
27941823751547, 1045750
27941824984071, 1066649
27941826240532, 1038848
27941838022666, 799562
27941839018465, 770884
27941839964481, 768200
27941840902388, 746025
27941841805163, 750120
27941842726772, 728564
27941843623689, 764163
27941844555359, 732883
27941845446328, 722453
27941846341950, 723604
27941856807880, 814497
27941857826630, 768676
27941858758991, 747696
27941859677946, 750799
27941860599671, 753244
27941861514616, 746532
27941862432518, 744584
27941863335858, 771835
27941864297775, 2498953
27941866971914, 845392
27941904871874, 753517
27941905826166, 785973
27941906793555, 773294
27941907736998, 771254
27941908676016, 725211
27941909559225, 737422
27941910471264, 749511
27941911401179, 758140
27941912324525, 741523
27941913230032, 735916
27941923530041, 777290
27941924492997, 797638
27941925468851, 755404
27941926391581, 744102
27941927303225, 752885
27941928229083, 745381
27941929146012, 738067
27941930046914, 738401
27941930951942, 735451
27941931858974, 753068
27941932800119, 749721
27941933713908, 738808
27941934626121, 728104
27941935510401, 754046
27941936423127, 720010
27941937304667, 710641
27941938183761, 721419
27941939073374, 737275
27941939979171, 757957
27941940895008, 734965
27941941806339, 757182
27941942727948, 725223
27941943614683, 729482
27941944525021, 719353
27941945422225, 760870
27941946352483, 731998
27941947250095, 723947
27941948182471, 784353
27941949251171, 766791
27941950187666, 744091
27941951049374, 775535
27941951936747, 800240
27941953055479, 744803
27941954089538, 781487
27941955153549, 778417
27941956254233, 769201
27941957314628, 726554
27941958316295, 753501
27941959265200, 763127
27941960224564, 765340
27941961187506, 758019
27941962143410, 743192
27941963068905, 745581
27941963995540, 756927
27941964941432, 728534
27941965862113, 763217
27941966808496, 738122
27941967728202, 759725
27941968673260, 728609
27941969598121, 722765
27941970525305, 738493
27941971445844, 728889
27941972373088, 733239
27941973286289, 717191
27941974187831, 720825
27941975094379, 747158
27941976039574, 751139
27941976975660, 728064
27941977887258, 721921
27941978797807, 728492
27941998436431, 751138
27941999388836, 789937
27942000367627, 789352
27942001333460, 753780
27942002275191, 747423
27942003186762, 737888
27942004118500, 1100968
27942005408311, 920157
27942006492549, 737302
27942007402091, 752375
27942027198635, 766146
27942028157185, 880526
27942029219517, 752081
27942030134647, 732858
27942031029188, 749405
27942031947356, 774714
27942032889176, 729561
27942033793559, 729996
27942034694941, 725450
27942035588283, 754316
27942036528977, 739060
27942037434598, 708838
27942038317573, 717169
27942039198083, 737586
27942040115951, 726460
27942040994952, 706695
27942041853415, 730748
27942042745119, 714218
27942043637759, 751081
27942044561090, 733998
27942045479263, 723658
27942046384661, 714593
27942047255870, 717118
27942048163811, 749896
27942049082888, 739397
27942049986377, 737957
27942050878894, 728544
27942051762419, 784898
27942052716596, 730671
27942053609468, 721298
27942063920722, 775290
27942064896952, 773306
27942065847173, 756034
27942066767259, 732617
27942067659286, 744352
27942068591961, 732679
27942069498366, 718941
27942070381293, 722848
27942071265054, 731232
27942072196880, 734108
27942082355371, 756129
27942083304154, 775443
27942084252464, 765901
27942085197431, 746911
27942086119475, 737231
27942087023243, 721853
27942087907982, 761066
27942088849081, 743664
27942089756634, 721109
27942090639467, 714804
27942091521442, 750682
27942092449168, 741163
27942093372411, 713877
27942094252894, 697663
27942095111294, 694291
27942095971378, 747571
27942096886640, 723946
27942097771711, 717596
27942098662978, 715588
27942099541145, 731397
27942119718499, 774974
27942120701235, 754427
27942121635361, 745487
27942122559327, 736090
27942123457173, 755694
27942124378389, 729311
27942125274724, 744431
27942126192689, 750790
27942127098495, 730460
27942127990794, 743079
27942149880555, 782942
27942150854393, 765430
27942151803701, 767526
27942152751936, 725104
27942153635948, 723253
27942154524374, 725530
27942155424122, 746132
27942156336977, 723536
27942157229264, 717545
27942158116388, 737662
27942168435514, 770273
27942169401661, 755804
27942170341495, 733836
27942171261030, 735710
27942172186956, 733675
27942173089814, 712998
27942173956417, 723528
27942174855386, 745830
27942175778967, 774786
27942176723956, 761970
27942196978424, 784370
27942197956633, 761390
27942198897995, 735787
27942199816023, 759904
27942200737544, 719771
27942201623756, 720294
27942202508000, 726064
27942203403371, 751144
27942204330265, 719522
27942205217345, 724068
27942206119764, 852445
27942207155005, 759075
27942208095594, 747583
27942209010042, 745894
27942209917661, 737199
27942210809205, 713549
27942211682070, 747581
27942212602880, 716216
27942213476305, 739089
27942214387111, 720141
27942233882720, 744519
27942234847990, 752567
27942235782086, 836025
27942236787885, 748807
27942237710677, 743431
27942238626596, 729654
27942239535646, 744673
27942240456435, 720579
27942241345719, 720015
27942242235745, 717725
27942261672682, 776997
27942262644462, 763926
27942263586628, 755688
27942264529942, 719903
27942265412787, 727777
27942266327730, 722901
27942267218977, 733436
27942268140329, 744203
27942269043573, 740652
27942269945200, 726378
27942289392349, 736969
27942290331528, 736179
27942291249706, 730903
27942292175161, 770099
27942293114231, 736653
27942294018179, 719127
27942294902679, 712500
27942295793515, 758960
27942296721517, 720630
27942297605701, 713011
27942325710151, 751138
27942326652470, 788040
27942327618667, 772554
27942328571459, 729315
27942329477576, 714039
27942330369268, 727526
27942331272455, 748048
27942332205795, 725924
27942333084067, 727350
27942333977383, 717055
27942334866508, 740543
27942335770015, 748144
27942336683714, 722185
27942337580107, 733032
27942338473813, 709761
27942339341692, 722449
27942340233987, 727903
27942341134792, 718964
27942342006863, 740571
27942342896689, 726481
27942343799779, 742075
27942344708810, 707486
27942345574863, 703300
27942346449485, 701420
27942347319687, 752848
27942348230654, 729361
27942349122675, 731427
27942350026786, 713039
27942350905951, 710947
27942351790798, 754759
27942362034018, 760917
27942362995852, 815192
27942363986353, 792350
27942364973177, 765447
27942365916403, 729095
27942366817919, 734207
27942367708235, 762370
27942368652174, 726708
27942369552077, 730185
27942370449627, 711801
27942371329946, 832209
27942372360540, 747873
27942373281348, 711731
27942374154928, 727458
27942375045447, 735092
27942375950506, 752120
27942376867341, 711852
27942377741120, 706354
27942378600941, 710607
27942379477838, 734833
27942399147986, 743209
27942400095716, 792461
27942401068856, 744672
27942401978306, 744668
27942402898200, 724802
27942403778848, 803556
27942404754937, 741403
27942405667660, 727062
27942406557267, 717953
27942407431369, 736941
27942408337940, 749512
27942409258000, 730644
27942410156387, 718767
27942411031938, 717657
27942411905909, 746182
27942412833018, 735132
27942413743473, 725586
27942414667133, 714707
27942415567872, 734370
27942416482948, 729098
27942417407630, 729133
27942418339111, 809026
27942419268051, 746436
27942420212899, 733256
27942421123384, 723272
27942422024769, 732818
27942422936294, 733974
27942423843956, 707274
27942424732164, 700636
27942425616655, 758365
27942426578254, 734613
27942427495962, 719104
27942428399772, 703823
27942429275786, 702332
27942430155858, 730564
27942431074536, 718448
27942431982751, 745449
27942432912489, 715672
27942433806841, 700826
27942434702569, 715226
27942465067400, 746299
27942466000030, 778165
27942466947361, 738237
27942467866797, 750570
27942468785938, 711342
27942469654664, 712776
27942470534506, 721028
27942471436706, 736622
27942472336432, 725413
27942473276387, 711434
27942492643366, 745069
27942493637735, 735481
27942494607300, 726530
27942495498618, 732615
27942496400041, 735750
27942497322307, 715469
27942498199000, 706035
27942499074395, 710080
27942499943677, 797125
27942500912021, 712860
27942501807159, 747588
27942502727793, 713412
27942503613132, 726898
27942504514211, 705875
27942505390324, 702241
27942506253921, 708983
27942507124674, 703210
27942507989045, 749789
27942508900135, 711309
27942509769862, 709208
27942519731313, 755380
27942520674254, 763447
27942521613243, 742865
27942522527481, 725677
27942523413219, 724238
27942524307754, 730747
27942525215724, 736434
27942526112680, 717064
27942526979942, 709930
27942527852722, 740473
27942528762298, 734135
27942529664327, 703837
27942530539807, 701791
27942531400094, 708864
27942532280289, 724968
27942533166664, 712901
27942534038042, 708341
27942534917405, 711751
27942535792265, 740927
27942536715291, 713742
27942537610781, 718270
27942538483440, 707780
27942539352867, 732869
27942540261757, 720883
27942541154641, 721088
27942542046526, 727634
27942542942570, 722286
27942543813372, 716203
27942544694478, 776239
27942545677781, 795211
27942556321943, 778298
27942557286930, 751059
27942558210879, 762253
27942559141129, 728352
27942560074406, 753598
27942561002071, 726712
27942561895854, 724852
27942562813592, 1082637
27942564093298, 770343
27942565041930, 681120
27942598871155, 618365
27942599694860, 777814
27942600660553, 694713
27942601526483, 670107
27942602371565, 654231
27942603190485, 639500
27942604009997, 1018053
27942605219710, 972626
27942606387209, 958855
27942607549857, 954872
27942608712684, 955650
27942609877458, 975417
27942611063461, 997684
27942612277142, 943748
27942613417296, 968044
27942614577019, 967721
27942615731450, 968893
27942616907471, 951781
27942618054679, 916777
27942619167350, 989087
27942649982509, 660506
27942650833385, 665542
27942651687346, 687326
27942652559575, 889033
27942653627660, 644175
27942654440793, 640230
27942655248438, 639159
27942656075989, 651340
27942656897911, 620589
27942657688159, 634757
27942658497906, 635362
27942659296844, 630800
27942660112137, 660391
27942660942983, 631740
27942661737936, 634348
27942662537212, 613657
27942663302744, 610095
27942664080197, 626491
27942664856416, 622989
27942665636807, 617123
27942666438612, 639946
27942667234765, 630451
27942668025966, 635237
27942668851634, 618732
27942669663911, 625986
27942670481770, 613835
27942671280866, 614674
27942672102415, 656013
27942672975235, 634260
27942673822005, 631027
27942691099798, 662131
27942691939167, 692295
27942692769822, 637673
27942693579761, 656187
27942694414467, 640742
27942695213840, 633801
27942695994734, 651644
27942696827641, 628270
27942697638970, 667189
27942698484483, 646591
27942707775321, 690631
27942708646643, 693288
27942709523384, 664953
27942710365729, 647703
27942711178970, 632274
27942711969981, 682044
27942712808809, 637324
27942713612738, 637432
27942714403765, 632912
27942715192114, 633215
27942726156432, 681759
27942727021935, 684477
27942727871618, 709011
27942728749417, 654001
27942729567295, 640320
27942730359766, 636291
27942731158342, 650521
27942731962735, 689121
27942732824668, 650790
27942733639213, 653163
27942734466499, 653536
27942735269459, 638721
27942736088647, 659197
27942736923358, 642886
27942737733157, 636356
27942738519507, 629396
27942739310088, 632079
27942740110989, 659643
27942740928080, 645716
27942741744628, 637767
27942742552586, 657953
27942743365255, 633345
27942744174193, 636658
27942744999473, 663786
27942745820476, 639366
27942746615355, 630784
27942747396880, 649719
27942748206607, 640552
27942748999888, 633791
27942749796526, 628327
27942750585494, 645295
27942751393195, 657575
27942752220935, 647430
27942753019344, 625426
27942753812772, 621749
27942754599902, 616782
27942755372834, 622127
27942756169115, 621531
27942756942684, 612439
27942757713532, 627365
27942758511295, 624537
27942759295905, 608248
27942760067947, 619972
27942760828709, 610082
27942761598309, 637640
27942762428207, 667293
27942763276267, 648050
27942764102516, 649605
27942764905255, 635146
27942765695809, 635212
27942782901039, 681781
27942783767343, 703407
27942784631203, 649546
27942785436443, 630917
27942786218865, 624801
27942786991856, 644903
27942787791559, 686678
27942788633214, 635597
27942789421777, 622923
27942790205389, 650886
27942791032465, 654218
27942791839453, 672259
27942792662801, 631216
27942793436245, 623623
27942794216328, 635040
27942795009112, 633686
27942795801303, 645923
27942796601297, 617444
27942797363315, 641610
27942798161514, 649737
27942815673094, 700882
27942816564079, 673492
27942817402996, 657197
27942818206484, 640799
27942818997246, 630248
27942819779764, 652956
27942820584504, 627945
27942821372437, 625509
27942822163687, 629145
27942822939332, 627627
27942840435233, 677539
27942841303741, 715337
27942842201132, 688145
27942843056113, 654510
27942843864901, 685328
27942844697723, 676456
27942845533396, 662760
27942846356148, 661926
27942847175120, 643265
27942847976104, 676218
27942848826471, 652178
27942849635843, 623032
27942850424173, 619812
27942851205801, 639608
27942852013203, 722341
27942852885316, 634567
27942853669971, 619891
27942854439557, 616292
27942855216610, 651556
27942855980050, 717850
27942856825049, 664238
27942857604288, 642429
27942858366110, 646939
27942859135101, 634982
27942859885724, 666608
27942860665141, 617546
27942861403714, 620301
27942862141445, 641687
27942862897552, 645444
27942863663760, 630787
27942872751052, 633276
27942873520371, 688088
27942874336811, 740681
27942875203155, 693592
27942876029830, 683197
27942876837265, 660924
27942877615294, 647440
27942878381371, 642165
27942879139852, 640220
27942879899531, 666226
27942880695431, 674204
27942881485375, 651283
27942882257245, 639539
27942883018385, 634292
27942883766426, 665573
27942884542875, 645146
27942885310579, 626462
27942886050551, 640007
27942886806997, 643055
27942887559947, 639530
27942888330889, 653648
27942889105043, 629437
27942889850548, 627150
27942890591820, 666078
27942891381119, 671136
27942892189176, 649209
27942892958504, 634336
27942893711282, 626820
27942894456165, 640043
27942895218312, 639034
27942895986653, 686436
27942896793761, 647555
27942897566701, 627104
27942898313858, 635562
27942899062547, 640528
27942899815992, 635204
27942900569096, 619909
27942901309674, 611416
27942902034391, 625610
27942902774076, 636038
27942911832077, 678022
27942912649992, 835791
27942913616802, 705368
27942914439718, 677944
27942915241088, 666664
27942916037742, 695397
27942916927312, 669632
27942917805083, 656674
27942918667351, 649232
27942919521724, 635750
27942920380888, 664164
27942921247458, 644503
27942922099308, 663876
27942922974626, 632410
27942923798019, 638536
27942924644080, 623963
27942925471764, 622303
27942926302061, 624382
27942927135105, 644705
27942927975069, 680495
27942979806679, 669088
27942980700665, 711483
27942981610519, 675736
27942982484449, 654867
27942983317098, 647767
27942984159492, 690958
27942985063248, 650878
27942985877727, 641974
27942986727258, 640689
27942987565840, 633911
27942988417299, 638371
27942989256782, 616793
27942990090719, 628689
27942990928582, 636971
27942991742329, 650375
27942992602872, 647591
27942993456082, 628075
27942994291819, 623351
27942995114584, 639354
27942995945621, 665476
27943005132651, 668687
27943006024449, 691276
27943006935793, 687823
27943007831245, 675260
27943008722174, 653239
27943009588222, 628135
27943010428755, 651868
27943011250797, 644726
27943012070039, 661900
27943012894109, 629256
27943013670944, 634737
27943014465849, 634830
27943015262855, 636984
27943016071799, 642106
27943016868754, 624588
27943017643751, 738151
27943018538339, 681427
27943019383599, 651459
27943020197317, 637670
27943020999610, 627705
27943030024525, 661979
27943030881382, 765092
27943031816040, 738334
27943032720513, 670367
27943033558289, 660374
27943034382211, 651347
27943035181779, 661640
27943036019754, 664803
27943036845345, 643552
27943037641335, 648042
27943038473050, 681599
27943039312589, 670741
27943040166752, 677842
27943041010818, 688190
27943041869428, 684902
27943042717958, 658432
27943043551885, 665474
27943044366152, 655386
27943045185687, 644316
27943045972339, 642537
27943055183119, 665546
27943056049620, 685222
27943056909205, 647682
27943057715446, 640316
27943058515448, 648855
27943059319196, 659239
27943060253583, 654975
27943061159154, 642175
27943062048251, 667201
27943062977524, 643216
27943072516809, 659585
27943073436806, 706002
27943074382233, 669275
27943075245125, 646993
27943076108376, 688554
27943076961884, 652569
27943077829623, 653734
27943078745166, 650541
27943079662215, 677132
27943080620385, 631348
27943089840917, 680409
27943090766003, 679134
27943091669086, 734613
27943092602774, 667869
27943093480082, 664324
27943094346148, 666512
27943095207434, 664456
27943096130073, 683828
27943097053866, 652452
27943097935252, 670685
27943115889616, 662842
27943116839611, 746592
27943117806041, 695227
27943118742079, 663797
27943119651906, 663496
27943120570309, 648970
27943121433513, 665336
27943122353371, 660113
27943123253602, 647370
27943124186063, 663787
27943125117243, 661979
27943126042006, 774132
27943127065288, 670295
27943127940797, 672985
27943128815101, 653739
27943129672568, 652564
27943130560338, 642926
27943131475520, 652661
27943132348082, 664837
27943133260506, 644121
27943142568759, 662209
27943143491698, 687771
27943144411866, 651679
27943145297327, 7160863
27943152753752, 775030
27943153804919, 692738
27943154757270, 667945
27943155667364, 685612
27943156604629, 660180
27943157504051, 643444
27943158387551, 642043
27943159274692, 619492
27943160142424, 674231
27943161057319, 631157
27943161959168, 633865
27943162838660, 621789
27943163698478, 649552
27943164538884, 677296
27943165416042, 634922
27943166257132, 621406
27943191626896, 674935
27943192572151, 688777
27943193506859, 673943
27943194422479, 650189
27943195307248, 662559
27943196233392, 679696
27943197168800, 647106
27943198095113, 695969
27943199038088, 710969
27943199996605, 684951
27943200947516, 671677
27943201907481, 654247
27943202816634, 652706
27943203702139, 657053
27943204604083, 664255
27943205500979, 707672
27943206484816, 688547
27943207389642, 674661
27943208323433, 1025719
27943209595617, 939178
27943222436593, 968845
27943223624996, 966310
27943224886508, 913223
27943226049209, 892616
27943227232000, 962042
27943228460772, 913714
27943229586231, 953593
27943230777301, 905643
27943231948589, 998315
27943233139022, 908933
27943234320606, 952520
27943235524645, 934968
27943236690551, 937204
27943237866458, 912745
27943239032840, 896327
27943240160874, 951291
27943241351976, 931038
27943242562569, 955099
27943243766816, 940918
27943244952058, 964367
27943246163512, 915590
27943247351848, 915466
27943248557744, 948828
27943249790133, 904934
27943250919302, 911181
27943252074113, 939577
27943253256402, 952359
27943254458689, 917754
27943255613029, 930186
27943256784014, 900090
27943257916363, 950200
27943259148342, 2640470
27943262000159, 963891
27943263186414, 923062
27943264239563, 932430
27943265393344, 900997
27943266502839, 917581
27943267670084, 942183
27943268860960, 950029
27943270060531, 910235
27943282588448, 913776
27943283730588, 985778
27943284980311, 912815
27943286141613, 948478
27943287300176, 940040
27943288504963, 945699
27943289687928, 897674
27943290805233, 950158
27943292021960, 942075
27943293234691, 936459
27943294460294, 947928
27943295630571, 955996
27943296799949, 922179
27943297934082, 941327
27943299150578, 922884
27943300314643, 924730
27943301455883, 924420
27943302624861, 924914
27943303803121, 925332
27943304954819, 950399
27943306154000, 906400
27943307323493, 948680
27943308496462, 901426
27943309569953, 957131
27943310760094, 910366
27943311886407, 979428
27943313096519, 906808
27943314195096, 922733
27943315405370, 904805
27943316595873, 960326
27943340463424, 946621
27943341675692, 926312
27943342865690, 963070
27943344086266, 946654
27943345303234, 968092
27943346538744, 915968
27943347718869, 956246
27943348906309, 904377
27943350060275, 947540
27943351257522, 967919
27943375867846, 971574
27943377080906, 936693
27943378243561, 911853
27943379387110, 969038
27943380583312, 930322
27943381789997, 952812
27943382938176, 909556
27943384125744, 916573
27943385250556, 930045
27943386418943, 906954
27943398897099, 957423
27943400128796, 968256
27943401384843, 913817
27943402545964, 954148
27943403731086, 949110
27943404966820, 919773
27943406120578, 915366
27943407280423, 912821
27943408500706, 931765
27943409678050, 903982
27943410794584, 938103
27943411969068, 957924
27943413158198, 954033
27943414345900, 917188
27943415528809, 976009
27943416747750, 945355
27943417943437, 923288
27943419144948, 928904
27943420294913, 938170
27943421523016, 903458
27943445473927, 938829
27943446673161, 923141
27943447877550, 979568
27943449140652, 911429
27943450259714, 910917
27943451455932, 954287
27943452651114, 919081
27943453812216, 973836
27943455035172, 921980
27943456211583, 953667
27943468835863, 931251
27943469991408, 946498
27943471174075, 981197
27943472404821, 927096
27943473580168, 962268
27943474785554, 928166
27943475996677, 972465
27943477268442, 929852
27943478435203, 950489
27943479595923, 941678
27943480772004, 952136
27943481967513, 926681
27943483127178, 967658
27943484331603, 940578
27943485541454, 934248
27943486709838, 923605
27943487834738, 961905
27943489046241, 909599
27943490202195, 941557
27943491411922, 964067
27943526754131, 957866
27943527994540, 944062
27943529189142, 962081
27943530344950, 911891
27943531464435, 991018
27943532697326, 950362
27943533862132, 1019328
27943535170695, 973202
27943536389925, 916750
27943537518917, 955160
27943547721077, 685517
27943548637681, 661841
27943549539947, 643221
27943550419613, 630911
27943551299683, 642105
27943552185057, 674087
27943553116068, 653728
27943553985631, 640537
27943554845262, 647308
27943555646803, 752198
27943556648317, 933648
27943557794805, 946570
27943558978254, 895297
27943560081555, 960917
27943561275433, 926567
27943562402482, 924544
27943563493779, 863863
27943564623291, 952892
27943565768570, 946957
27943566933937, 925724
27943568109865, 945280
27943569251171, 886611
27943570298938, 915254
27943571396668, 875791
27943572486022, 930324
27943573647453, 891063
27943574769549, 895889
27943575900871, 902386
27943576998719, 940530
27943578202559, 938655
27943603883779, 946362
27943605073493, 975421
27943606262150, 750592
27943607207673, 677047
27943608136247, 668389
27943609041992, 652812
27943609932548, 638749
27943610825019, 620202
27943611652494, 673172
27943612536002, 648722
27943613443556, 656193
27943614365133, 631601
27943615187260, 617898
27943616043805, 639235
27943616847276, 625032
27943617648447, 625488
27943618435093, 626777
27943619211061, 606154
27943619984631, 635087
27943620785129, 635965
27943629934133, 681947
27943630813461, 676850
27943631648718, 674666
27943632506815, 636376
27943633295172, 623780
27943634087436, 634570
27943634883853, 621767
27943635674970, 634988
27943636461177, 623462
27943637234362, 606292
27943646614417, 684529
27943647506476, 673304
27943648367228, 675839
27943649207366, 631316
27943650027132, 643792
27943650840458, 626772
27943651624739, 648645
27943652436865, 629137
27943653237326, 629276
27943654032081, 622958
27943671418348, 683183
27943672325203, 669160
27943673170036, 632480
27943673960550, 617388
27943674746262, 617460
27943675530454, 625529
27943676320052, 616698
27943677099716, 608953
27943677855284, 626628
27943678626496, 626723
27943687679552, 662772
27943688519052, 663375
27943689370398, 637576
27943690187384, 643694
27943690978526, 630584
27943691772080, 677388
27943692619927, 643366
27943693410716, 736486
27943694295858, 632376
27943695088330, 639012
27943695906548, 668978
27943696756667, 625198
27943697556466, 624168
27943698345099, 637765
27943699150771, 631302
27943699935110, 645214
27943700744372, 620349
27943701521265, 614099
27943702288440, 622129
27943703070402, 610059
27943711978068, 686213
27943712854207, 669979
27943713682748, 644796
27943714489889, 622548
27943715307522, 635886
27943716122731, 627027
27943716911983, 630970
27943717698918, 632696
27943718488423, 641219
27943719294368, 639546
27943720130613, 658229
27943720938725, 636568
27943721741928, 629336
27943722523435, 642773
27943723331128, 632497
27943724123660, 638380
27943724920111, 615306
27943725714717, 624014
27943726469449, 612348
27943727241329, 620007
27943736285440, 652591
27943737137746, 664181
27943737987277, 640257
27943738801986, 635982
27943739614175, 660246
27943740429500, 632199
27943741218045, 632040
27943742006395, 662255
27943742819093, 634273
27943743606846, 637589
27943744430187, 642523
27943745245896, 630731
27943746042521, 629613
27943746828158, 614201
27943747597988, 637048
27943748391079, 648501
27943749209737, 648119
27943750010164, 670072
27943750857955, 636860
27943751642477, 663725
27943752492712, 671788
27943753325556, 641034
27943754097271, 620178
27943754859730, 613068
27943755623302, 636309
27943756422648, 640676
27943757220861, 618645
27943757990941, 619340
27943758752318, 614237
27943759521461, 615226
27943768586602, 650674
27943769430368, 634358
27943770222085, 626884
27943771017258, 618140
27943771784858, 683187
27943772628802, 650837
27943773417738, 630287
27943774210641, 617236
27943774977442, 613420
27943775764099, 649651
27943776611254, 651818
27943777447837, 641348
27943778252089, 620127
27943779030840, 634806
27943779804975, 663512
27943780630287, 623834
27943781405976, 620283
27943782205763, 617780
27943782985243, 632512
27943783780080, 624372
27943784598511, 648707
27943785426175, 626848
27943786244162, 623109
27943787035994, 625647
27943787852332, 646445
27943788666714, 616184
27943789421353, 630521
27943790226683, 626281
27943791010048, 626968
27943791794202, 644225
27943800897864, 679766
27943801760336, 673849
27943802620755, 644587
27943803426106, 663439
27943804260253, 651970
27943805071136, 631680
27943805867882, 625600
27943806648107, 644344
27943807460023, 649591
27943808271212, 641969
27943841216371, 632309
27943842061993, 711360
27943842960551, 654578
27943843775821, 646070
27943844577742, 623578
27943845358538, 619383
27943846166479, 719851
27943847047668, 669733
27943847897300, 704344
27943848760971, 2076207
27943859385491, 656275
27943860268013, 661881
27943861103216, 623791
27943861908413, 624372
27943862704213, 614252
27943863470289, 625300
27943864263471, 630449
27943865060489, 616508
27943865849353, 625031
27943866642634, 619395
27943875696341, 665186
27943876552003, 641912
27943877370420, 622182
27943878169330, 641311
27943879002100, 626564
27943879797836, 639859
27943880620577, 613756
27943881390906, 608488
27943882181566, 643935
27943883001419, 622437
27943891951119, 726605
27943892869732, 658648
27943893705944, 649944
27943894534164, 633394
27943895337406, 626780
27943896142462, 656912
27943896989924, 660618
27943897815303, 644411
27943898615961, 627825
27943899395066, 652317
27943924684072, 644977
27943925554941, 673370
27943926455712, 656177
27943927268338, 630366
27943928092285, 650421
27943928913477, 627460
27943929710802, 627561
27943930505699, 615045
27943931283860, 612155
27943932076949, 662731
27943932902636, 720613
27943933790135, 651451
27943934613371, 646132
27943935426446, 634177
27943936226658, 620638
27943937024302, 625200
27943937818518, 623604
27943938596321, 606516
27943939367449, 600339
27943940162487, 661085
27943949160879, 653452
27943950000792, 642845
27943950820036, 624055
27943951618622, 638668
27943952416825, 627890
27943953229360, 620961
27943954025155, 603432
27943954788302, 592603
27943955533885, 594058
27943956277865, 637339
27943957084475, 625673
27943957861440, 623459
27943958680153, 625533
27943959456845, 648626
27943960279728, 662511
27943961117506, 630113
27943961906003, 633186
27943962689879, 614944
27943963473234, 626567
27943964318974, 616376
27943965107543, 625788
27943965915032, 605273
27943966683650, 605706
27943967444346, 630288
27943968204185, 613344
27943968975325, 604521
27943969726024, 604389
27943970490374, 593641
27943971254298, 604080
27943972040179, 632243
27943972834940, 612678
27943973616926, 605009
27943974383345, 610410
27943975158360, 612334
27943975914816, 616305
27943976723564, 615812
27943977509749, 606592
27943978283883, 622930
27943979076333, 664386
27943979894450, 645825
27943988842866, 660726
27943989696568, 651701
27943990522912, 625765
27943991308658, 611096
27943992101348, 680033
27943992960990, 631433
27943993756495, 622439
27943994550520, 618919
27943995357136, 631293
27943996163028, 633369
27944013843703, 641567
27944014717211, 704012
27944015590168, 647082
27944016415258, 633534
27944017206555, 618042
27944018004728, 901800
27944019090582, 645457
27944019908282, 652598
27944020729034, 631894
27944021525655, 632177
27944038475244, 633438
27944039312964, 665488
27944040180307, 664370
27944041001203, 608924
27944041773294, 618445
27944042571329, 630275
27944043372260, 619552
27944044161545, 642478
27944044965457, 642284
27944045780610, 635182
27944054913273, 660551
27944055772508, 671440
27944056613979, 617546
27944057413237, 619015
27944058202378, 630567
27944059000890, 628960
27944059828982, 628991
27944060618690, 641361
27944061420283, 648083
27944062237662, 618178
27944063050781, 613875
27944063826092, 628362
27944064659179, 629042
27944065448406, 608908
27944066201775, 601050
27944066973463, 597124
27944067720070, 636505
27944068520364, 606815
27944069312726, 593741
27944070063398, 592040
27944070830100, 628405
27944071622532, 627811
27944072407820, 605494
27944073159555, 606154
27944073931117, 599742
27944074684988, 590564
27944075440782, 605395
27944076210996, 612503
27944077025295, 602158
27944077791509, 604295
27944120532779, 627097
27944121345446, 631185
27944122175967, 650873
27944123000101, 609282
27944123779324, 609583
27944124574737, 607160
27944125360774, 641252
27944126174151, 617836
27944126944249, 624901
27944127741081, 623343
27944168986844, 660999
27944169842247, 639055
27944170656163, 621456
27944171453878, 636788
27944172274301, 639194
27944173075113, 619793
27944173871409, 603988
27944174643059, 606013
27944175407206, 614450
27944176175038, 606221
27944216953343, 630874
27944217797164, 693070
27944218685880, 637909
27944219514705, 620600
27944220308718, 600450
27944221062687, 590494
27944221796490, 609957
27944222594272, 605238
27944223378483, 602672
27944224184283, 609776
27944240290243, 653178
27944241158373, 639140
27944241996172, 613245
27944242765167, 616957
27944243541375, 629680
27944244340646, 624797
27944245119640, 611709
27944245871927, 600423
27944246647403, 603089
27944247403823, 611423
27944248202838, 637445
27944249009521, 612398
27944249787918, 597610
27944250536599, 593839
27944251285079, 594733
27944252051201, 647507
27944252862285, 617565
27944253648869, 626031
27944254435831, 603289
27944255221568, 636340
27944256029054, 614975
27944256813729, 596282
27944257578614, 604760
27944258348794, 649597
27944259177030, 608404
27944259942494, 635371
27944260732202, 668180
27944261565672, 814870
27944262549594, 641549
27944263350738, 617171
27944337244168, 619153
27944338053076, 648668
27944338887296, 615170
27944339687183, 617782
27944340468602, 588883
27944341249152, 595885
27944341992850, 600250
27944342753522, 585933
27944343524752, 615914
27944344294113, 609817
27944345072494, 608288
27944345839942, 598982
27944346612110, 593539
27944347361792, 598386
27944348150063, 618154
27944348938772, 600960
27944349715354, 588402
27944350454944, 587452
27944351182462, 588219
27944351925306, 621559
27944352719456, 604149
27944353475987, 585470
27944354204836, 615494
27944354983276, 584784
27944355724532, 603694
27944356469673, 574337
27944357194048, 589010
27944357960282, 583848
27944358684036, 592939
27944359430420, 591541
27944360198463, 626899
27944360984715, 593822
27944361778078, 607948
27944362557794, 605231
27944363309334, 591313
27944364072311, 615876
27944364865830, 594350
27944365613605, 595302
27944366385611, 602823
27944367132148, 596379
27944375646230, 612222
27944376458012, 627285
27944377254021, 632534
27944378051561, 621737
27944378833855, 607933
27944379596849, 608043
27944380343107, 656386
27944381158164, 593663
27944381932055, 605627
27944382687762, 592863
27944398744018, 646961
27944399598047, 660621
27944400431045, 618701
27944401218063, 598635
27944401970408, 629847
27944402761386, 625898
27944403559502, 617029
27944404341854, 598426
27944405100501, 592608
27944405842243, 594153
27944414458836, 639102
27944415275047, 627653
27944416073857, 626395
27944416867285, 604113
27944417632862, 614486
27944418419755, 620199
27944419205423, 656060
27944420052204, 637160
27944420862719, 619826
27944421649753, 606521
27944430172317, 626692
27944430972777, 614964
27944431744938, 623868
27944432530799, 592591
27944433273982, 603465
27944434042624, 611685
27944434823168, 610981
27944435588387, 607415
27944436364193, 602974
27944437128853, 601369
27944467979639, 666347
27944468804824, 613007
27944469595461, 612766
27944470362131, 603632
27944471120842, 589161
27944471871533, 623668
27944472654412, 593724
27944473421685, 596779
27944474177412, 589406
27944474933111, 609608
27944475735795, 646295
27944476541364, 598906
27944477301018, 587826
27944478062033, 602940
27944478806684, 600873
27944479579173, 600798
27944480335917, 621565
27944481327063, 642687
27944482126771, 620211
27944482916063, 624951
27944506416669, 620186
27944507217901, 620988
27944508032547, 602258
27944508789961, 615964
27944509557235, 613310
27944510335233, 604627
27944511089875, 598072
27944511852341, 636045
27944512656042, 595083
27944513416930, 601830
27944529190941, 634475
27944530017914, 626114
27944530813653, 612365
27944531580322, 622285
27944532366909, 598033
27944533134932, 602068
27944533931061, 593156
27944534672778, 590040
27944535418536, 626877
27944536190498, 621861
27944536978374, 620952
27944537746797, 597439
27944538498377, 596853
27944539251464, 587721
27944540011484, 615662
27944540788617, 597912
27944541550887, 599225
27944542325031, 579969
27944543050975, 598133
27944543796889, 603788
27944552171539, 624543
27944553001520, 631290
27944553807908, 639991
27944554615455, 603926
27944555415083, 608886
27944556196640, 596349
27944556946964, 581271
27944557691457, 587342
27944558432919, 585246
27944559168897, 592003
27944592189196, 618838
27944592981642, 657652
27944593790331, 600998
27944594552136, 605666
27944595315679, 585546
27944596054392, 624954
27944596812322, 592157
27944597553230, 596716
27944598312798, 628015
27944599106810, 609489
27944599887400, 632167
27944600695982, 615844
27944601477094, 602414
27944602231604, 605629
27944602999199, 604608
27944603792855, 605330
27944604546972, 592253
27944605306162, 604354
27944606073980, 609222
27944606865477, 590445
27944607626463, 617332
27944608405027, 605178
27944609161685, 607743
27944609947208, 604880
27944610710168, 593911
27944611467273, 616812
27944612271068, 611614
27944613042693, 619299
27944613825949, 608188
27944614582948, 597227
27944615345946, 601172
27944616117971, 615746
27944616897709, 611642
27944617657433, 600858
27944618408213, 612116
27944619212711, 610882
27944619981436, 601866
27944620743675, 575722
27944621472590, 569274
27944622213550, 573586
27944630623690, 612210
27944631420321, 639284
27944632224937, 621150
27944633003550, 611727
27944633777218, 599403
27944634553436, 588977
27944635294646, 622171
27944636108450, 600824
27944636872541, 592891
27944637640948, 595399
27944653895956, 618524
27944654700740, 615425
27944655475977, 623966
27944656265145, 588290
27944657014998, 586462
27944657751449, 599808
27944658514967, 591188
27944659255653, 589166
27944660016784, 622071
27944660803830, 619870
27944669227416, 612778
27944670063828, 660988
27944670910869, 634771
27944671712739, 641751
27944672507355, 594110
27944673261414, 586717
27944674032959, 598674
27944674802179, 616531
27944675578678, 615410
27944676353710, 600683
27944677115769, 606064
27944677868264, 599806
27944678643324, 597351
27944679427173, 609097
27944680186779, 622821
27944680976597, 601648
27944681721690, 602265
27944682493486, 596537
27944683257980, 604887
27944684023033, 596649
27944700045310, 629281
27944700866342, 617756
27944701659092, 637957
27944702452505, 599960
27944703215703, 597704
27944703977273, 629354
27944704769195, 599839
27944705528610, 585903
27944706282379, 594662
27944707041686, 612067
27944738254860, 625811
27944739065095, 613998
27944739829866, 621633
27944740637352, 620357
27944741422936, 589439
27944742178988, 600606
27944742966771, 608014
27944743730881, 617245
27944744499116, 596081
27944745247674, 586225
27944753694280, 606115
27944754497858, 625513
27944755315144, 606000
27944756087433, 602292
27944756858571, 587316
27944757594079, 589553
27944758351420, 602669
27944759098934, 601407
27944759867396, 632775
27944760644235, 593389
27944761404166, 593016
27944762169283, 584859
27944762905108, 587567
27944763672278, 605893
27944764471943, 609176
27944765240835, 593171
27944765992943, 593966
27944766739395, 586127
27944767483760, 600452
27944768245400, 589873
27944768991489, 584331
27944769731735, 586244
27944770473646, 580193
27944771214372, 578725
27944771978960, 641128
27944772774689, 595019
27944773515511, 579442
27944774255809, 582170
27944774998995, 582889
27944775759056, 592833
27944784202940, 610202
27944785006831, 606188
27944785774271, 597574
27944786552418, 602592
27944787309620, 588860
27944788070915, 605190
27944788830068, 577671
27944789570940, 576681
27944790316545, 611214
27944791100797, 602268
27944808728933, 619291
27944809531551, 644208
27944810344360, 616189
27944811105933, 596373
27944811866404, 639972
27944812679374, 619463
27944813453359, 594189
27944814200907, 591910
27944814966537, 613344
27944815749204, 611111
27944824126869, 654924
27944824907587, 662709
27944825748248, 637404
27944826535590, 663313
27944827345480, 594759
27944828142123, 594699
27944828911233, 577066
27944829687641, 658600
27944830494365, 605645
27944831293964, 582295
27944847469729, 645082
27944848308781, 643756
27944849127940, 614036
27944849893324, 603914
27944850673156, 599123
27944851414848, 618913
27944852215902, 618188
27944853002200, 600639
27944853766802, 615289
27944854560940, 600233
27944855322560, 610575
27944856124030, 595696
27944856896502, 599374
27944857661737, 585964
27944858403552, 581114
27944859142377, 609316
27944859922140, 608741
27944860713659, 590976
27944861495537, 627439
27944862296628, 627359
27944870883582, 626408
27944871726937, 656374
27944872522559, 594640
27944873296904, 608584
27944874055013, 596372
27944874781249, 595373
27944875524843, 611632
27944876304178, 608272
27944877069298, 598948
27944877849661, 600429
27944893855276, 623895
27944894699124, 622911
27944895512850, 636026
27944896299481, 606049
27944897054161, 600324
27944897839443, 613434
27944898599837, 595661
27944899347970, 588990
27944900141941, 601924
27944900944123, 601997
27944909302970, 618419
27944910094604, 612428
27944910858499, 600626
27944911599390, 637961
27944912414365, 602250
27944913203166, 594136
27944913954039, 588457
27944914712425, 592501
27944915466258, 608018
27944916256980, 601440
27944917034212, 619930
27944917804748, 597282
27944918602250, 614150
27944919394690, 618222
27944920162336, 602593
27944920924294, 597766
27944921663398, 587770
27944922405762, 580737
27944923156591, 595910
27944923915650, 607576
27944932328923, 618028
27944933148773, 652234
27944933964192, 622646
27944934758112, 596093
27944935503197, 610589
27944936251042, 589267
27944936995555, 584019
27944937728855, 606467
27944938495165, 607252
27944939261634, 594297
27944940053558, 602393
27944940818800, 574687
27944941569703, 588469
27944942323838, 571856
27944943063911, 579957
27944943807602, 616688
27944944611718, 599507
27944945363767, 594613
27944946121089, 592376
27944946861756, 586954
27944970166201, 602254
27944970968567, 648475
27944971846617, 668528
27944972676743, 609789
27944973462504, 600746
27944974249451, 610894
27944975041685, 601870
27944975844377, 632779
27944976650829, 587036
27944977411001, 581360
27944985891064, 614542
27944986629526, 633366
27944987544484, 639635
27944988399357, 628904
27944989338081, 611854
27944990150703, 635695
27944991048627, 614816
27944991896286, 642666
27944992754829, 607156
27944993651418, 639174
27945010089689, 648584
27945011194537, 652045
27945012174170, 641511
27945012977130, 621228
27945013735866, 614608
27945014699924, 628278
27945015641751, 659004
27945016586323, 617449
27945017509187, 614930
27945018386717, 689552
27945027155307, 605799
27945028082256, 633098
27945028915844, 605682
27945029704437, 590293
27945030460224, 611736
27945031236166, 606832
27945032019294, 612242
27945032811601, 590162
27945033550663, 2229914
27945036022303, 736787
27945036959055, 648435
27945037782328, 620084
27945038533465, 605187
27945039265544, 604041
27945040038788, 596869
27945040735226, 597590
27945041484110, 607352
27945042236007, 595686
27945042931203, 583926
27945043671760, 618446
27945044459345, 585854
27945045214424, 589485
27945045993071, 608747
27945046796618, 608703
27945047569497, 608149
27945048345175, 619346
27945049117884, 597774
27945049890479, 615277
27945050653901, 605077
27945051420685, 635602
27945059989632, 658004
27945060844980, 624447
27945061643284, 628308
27945062465709, 634688
27945063264886, 630611
27945064068421, 626475
27945064851259, 607819
27945065600316, 587264
27945066352829, 611185
27945067124859, 616771
27945067933069, 639329
27945068751394, 599511
27945069519086, 587136
27945070272431, 595215
27945071060787, 620195
27945071841919, 617950
27945072611996, 602762
27945073365377, 593308
27945074158857, 618902
27945074988039, 620121
27945075794421, 613562
27945076589229, 599289
27945077345020, 593974
27945078101004, 597018
27945078844790, 617406
27945079613697, 611368
27945080372450, 597908
27945081130284, 607234
27945081896940, 630177
27945082678866, 593740
27945083436357, 606231
27945084213333, 604133
27945084987208, 609184
27945085755839, 599167
27945086524678, 626360
27945087325979, 604281
27945088121932, 632554
27945088901435, 599324
27945089640093, 600432
27945090420153, 598467
27945099073936, 615827
27945099896785, 658101
27945100715802, 605475
27945101492456, 608650
27945102282699, 599690
27945103042325, 612409
27945103809278, 629700
27945104610830, 609227
27945105362287, 601909
27945106136999, 603245
27945106899193, 597768
27945107676652, 608477
27945108463196, 599904
27945109217149, 579817
27945109979897, 615426
27945110758453, 594768
27945111487894, 610505
27945112278475, 640658
27945113095115, 607957
27945113871420, 596370
27945122358259, 626344
27945123163550, 639818
27945123973738, 650293
27945124788714, 633418
27945125580552, 614911
27945126371513, 621566
27945127148762, 620843
27945127933350, 651009
27945128745406, 623596
27945129526484, 623848
27945137980013, 635905
27945138798105, 633178
27945139592289, 615836
27945140371972, 597633
27945141127122, 609749
27945141887222, 611260
27945142672438, 584037
27945143406528, 581039
27945144170085, 610483
27945144930987, 602038
27945145693405, 602043
27945146448783, 596237
27945147199181, 590688
27945147945892, 615973
27945148717071, 616666
27945149501810, 609500
27945150258966, 599966
27945150995741, 595294
27945151742443, 630370
27945152523131, 615149
27945161130625, 623825
27945161946594, 631020
27945162733081, 594681
27945163490736, 618191
27945164261270, 602622
27945165024581, 610838
27945165790346, 617468
27945166572890, 610238
27945167331587, 592873
27945168083358, 612600
27945168855396, 633708
27945169674254, 614319
27945170448001, 624664
27945171220002, 596769
27945171972346, 641793
27945172769862, 598841
27945173523794, 587980
27945174267354, 599492
27945175015438, 588446
27945175754162, 604293
27945176520177, 608780
27945177279400, 609447
27945178041741, 595567
27945178784396, 587713
27945179514454, 600235
27945180282456, 632345
27945181083728, 615014
27945181841755, 598453
27945182596578, 603102
27945183356068, 594822
27945184122954, 605860
27945184877447, 589437
27945185612303, 586771
27945186354353, 581461
27945187084512, 591886
27945187817687, 608186
27945188580262, 578201
27945189300028, 579766
27945190027175, 598335
27945190768592, 595093
27945191532038, 621642
27945192310204, 600669
27945193073104, 584551
27945193803259, 589665
27945194544718, 608995
27945195298121, 591571
27945196050735, 594216
27945196792457, 597082
27945197543299, 596590
27945198297856, 597551
27945199052310, 605022
27945199813744, 622412
27945200584999, 586793
27945201315072, 583929
27945202053407, 598461
27945202805501, 586131
27945203523592, 600930
27945204273333, 602898
27945205042777, 602089
27945205789998, 590063
27945206543966, 603648
27945207306728, 596646
27945208066317, 593970
27945208812429, 828089
27945209814813, 626278
27945210585880, 592051
27945211330624, 595572
27945212086495, 621928
27945212857407, 591646
27945213608670, 584059
27945222129485, 643333
27945222959192, 615732
27945223742998, 607023
27945224506639, 609314
27945225276854, 595837
27945226025799, 592072
27945226774238, 592183
27945227513919, 631021
27945228307053, 627710
27945229084004, 611201
27945229851872, 611564
27945230625040, 591898
27945231365589, 588028
27945232120932, 624366
27945232912704, 592414
27945233663665, 600741
27945234414556, 601813
27945235171656, 592047
27945235910443, 612335
27945236674836, 587965
27945237424101, 601393
27945238180367, 600530
27945238936306, 588678
27945239668524, 614738
27945240435413, 601631
27945241194264, 589579
27945241953025, 620574
27945242735782, 604886
27945243491546, 614558
27945244264016, 611653
27945252830147, 621103
27945253638264, 604041
27945254417729, 602528
27945255198166, 605550
27945255957949, 598923
27945256718086, 583680
27945257458415, 580460
27945258191588, 589549
27945258935636, 584790
27945259673660, 589296
27945269483302, 622195
27945270306340, 641362
27945271143765, 671554
27945272028894, 662156
27945272844179, 607463
27945273616376, 626424
27945274402321, 604324
27945275170790, 586719
27945275912382, 612257
27945276696004, 605775
27945277479112, 618205
27945278262502, 603449
27945279022992, 600035
27945279773845, 611344
27945280534300, 584254
27945281271173, 603902
27945282028853, 606877
27945282793143, 593888
27945283548747, 592888
27945284296577, 586050
27945285046190, 589332
27945285790142, 584809
27945286530441, 581370
27945287261007, 584063
27945287994857, 603299
27945288772211, 574772
27945289525540, 566404
27945290270174, 570051
27945291013493, 582754
27945291760102, 631439
27945345515067, 612375
27945346298918, 657602
27945347110090, 617351
27945347869255, 649903
27945348690856, 666926
27945349509861, 601409
27945350264840, 590547
27945351016521, 591113
27945351758105, 610879
27945352537836, 596172
27945398382801, 607280
27945399177733, 634278
27945399968016, 639230
27945400765927, 595668
27945401517356, 591060
27945402275257, 593873
27945403014804, 626813
27945403793779, 609005
27945404559837, 590651
27945405285316, 586854
27945413611321, 608194
27945414403572, 627564
27945415205332, 609023
27945415967245, 612456
27945416723741, 585842
27945417451496, 583292
27945418205116, 624621
27945418978427, 600983
27945419725474, 615288
27945420503214, 600607
27945421267146, 598832
27945422009797, 610968
27945422777653, 604137
27945423534812, 603210
27945424304311, 591902
27945425048972, 593217
27945425789258, 582230
27945426528816, 581052
27945427253778, 584030
27945427986979, 617690
27945428766007, 595933
27945429508760, 603430
27945430265690, 639769
27945431066569, 609655
27945431822531, 627940
27945432602008, 594883
27945433359786, 615524
27945434135867, 598074
27945434885866, 596397
27945435628610, 609274
27945436408728, 606470
27945437173165, 586898
27945437910277, 582835
27945438647541, 588233
27945439387038, 577932
27945440131617, 623268
27945440903820, 590212
27945441640528, 595130
27945442390541, 595102
27945443129282, 588080
27945443857970, 616732
27945444619684, 583823
27945445347012, 596536
27945446114926, 627273
27945446907515, 596295
27945447656851, 615300
27945448424641, 650590
27945449218148, 605991
27945449970716, 601417
27945450727725, 601019
27945451503267, 645754
27945452304449, 602012
27945453060401, 603847
27945453818593, 591771
27945454568934, 595137
27945455328017, 588776
27945456076998, 593503
27945456813708, 579667
27945457543551, 594772
27945458291960, 592988
27945459060150, 601043
27945459808524, 613948
27945460575164, 585003
27945461308928, 582877
27945462034270, 605731
27945462788655, 588525
27945463512734, 602245
27945464264915, 594096
27945465001835, 584892
27945465727413, 581921
27945474194964, 632719
27945475009825, 640166
27945475819952, 630522
27945476616157, 604565
27945477376323, 597058
27945478131837, 670286
27945478990601, 704406
27945479863324, 634578
27945480687179, 736121
27945481599338, 633834
27945490527641, 631681
27945491337834, 634113
27945492191891, 628677
27945492980753, 599589
27945493732331, 602263
27945494483328, 636937
27945495268570, 2158402
27945497602030, 677291
27945498452601, 631494
27945499250227, 703307
27945500115767, 682555
27945500959202, 638978
27945501760488, 615434
27945502538920, 596777
27945503287664, 629370
27945504067918, 616052
27945504837999, 650412
27945505652724, 627736
27945506429363, 601343
27945507179597, 587041
27945515740516, 636217
27945516565447, 612717
27945517336512, 595553
27945518099087, 597966
27945518850160, 582056
27945519591231, 625444
27945520388344, 609199
27945521161111, 588240
27945521909047, 616138
27945522676635, 595603
27945523445285, 623134
27945524231229, 586959
27945524981075, 593733
27945525730269, 592101
27945526482921, 583574
27945527219265, 583138
27945527944687, 632977
27945528755072, 617076
27945529551900, 609210
27945530319902, 602098
27945531086485, 615185
27945531876269, 620744
27945532648753, 599184
27945533400056, 603766
27945534154188, 608297
27945534917356, 590507
27945535663512, 580376
27945536423191, 594792
27945537196420, 586567
27945537922091, 604546
27945561933545, 650093
27945562764092, 630028
27945563560386, 624611
27945564337159, 612376
27945565095253, 653343
27945565957512, 927550
27945567030341, 619926
27945567811471, 640096
27945568609857, 601874
27945569348785, 592218
27945577816313, 627242
27945578626207, 617919
27945579404562, 617400
27945580180722, 653330
27945580990232, 631906
27945581778940, 634705
27945582569857, 599764
27945583320805, 595673
27945584081689, 630865
27945584857512, 609790
27945585627113, 597672
27945586381738, 594095
27945587131505, 600659
27945587889921, 630837
27945588668079, 601552
27945589412800, 611864
27945590175563, 610877
27945590968088, 676600
27945591807375, 638335
27945592604516, 603023
27945593364817, 599454
27945594113532, 601910
27945594866146, 600950
27945595629307, 614159
27945596394028, 624809
27945597162971, 615153
27945597937775, 634604
27945598723144, 687006
27945599579682, 657476
27945600407545, 625457
27945609077984, 619704
27945609881892, 626431
27945610659293, 605133
27945611415621, 623652
27945612215818, 651835
27945613016387, 606132
27945613769085, 599641
27945614525502, 591414
27945615268477, 607997
27945616035242, 589804
27945616790015, 587442
27945617530447, 579671
27945618263472, 585376
27945618996743, 585722
27945619726128, 625085
27945620514379, 625356
27945621295025, 627604
27945622083852, 629147
27945622878210, 616336
27945623638888, 617732
27945632267805, 631036
27945633075257, 635063
27945633869263, 620024
27945634642735, 613494
27945635401250, 626074
27945636179623, 614519
27945636937893, 606679
27945637695934, 616551
27945638462497, 623950
27945639245110, 613993
27945663063102, 633705
27945663875794, 666308
27945664705694, 612017
27945665475390, 608399
27945666244652, 600946
27945666991544, 618628
27945667762291, 621830
27945668537302, 602811
27945669290791, 617438
27945670077766, 613799
27945670849898, 613633
27945671626266, 643653
27945672464951, 630035
27945673244351, 606691
27945674015623, 607115
27945674780681, 594424
27945675531837, 611909
27945676297925, 605779
27945677053450, 597919
27945677796075, 599934
27945678549256, 602048
27945679303941, 596616
27945680058760, 622223
27945680841240, 601359
27945681587997, 597517
27945682335390, 605967
27945683110671, 601181
27945683858052, 619181
27945684630815, 602439
27945685381522, 609529
27945686145987, 620317
27945686916466, 609580
27945687677287, 637191
27945688466003, 605376
27945689221560, 594703
27945689954376, 611075
27945690747438, 603770
27945691507631, 622432
27945692291707, 619059
27945693064612, 606386
27945693839234, 621298
27945694614052, 604445
27945695356809, 593656
27945696114669, 602446
27945696871360, 597942
27945697636220, 593575
27945698383075, 608369
27945699143276, 630643
27945699920025, 634620
27945700713706, 605584
27945716782966, 612364
27945717578461, 648271
27945718386541, 626086
27945719178413, 616474
27945719948192, 631007
27945720731147, 622229
27945721506335, 629046
27945722294849, 607705
27945723054814, 605874
27945723818824, 611336
27945742092435, 639784
27945742917323, 624934
27945743715199, 624250
27945744494314, 613768
27945745280225, 620499
27945746052170, 606514
27945746816175, 596894
27945747562957, 609186
27945748327769, 621029
27945749099910, 597311
27945780206500, 627754
27945781039908, 643079
27945781849719, 646105
27945782661004, 614402
27945783433065, 623109
27945784212942, 613618
27945784974168, 618548
27945785736114, 603281
27945786486988, 605202
27945787242295, 607847
27945788057399, 675466
27945788901035, 614431
27945789664951, 602444
27945790417108, 601798
27945791162622, 604037
27945791909655, 627977
27945792703866, 609285
27945793460960, 597645
27945794206359, 593608
27945794948005, 601632
27945803569508, 618718
27945804367969, 628229
27945805159304, 618616
27945805933641, 609394
27945806691992, 598628
27945807437457, 622178
27945808224374, 613309
27945808987408, 607337
27945809747606, 605054
27945810511992, 610660
27945811291654, 632129
27945812087937, 639307
27945812872806, 604520
27945813624240, 604503
27945814389989, 635400
27945815193497, 611488
27945815970543, 640781
27945816760654, 624917
27945817539940, 627041
27945818305036, 628697
27945842574208, 697832
27945843470222, 675072
27945844314268, 642869
27945845115365, 624294
27945845885049, 621080
27945846661631, 624324
27945847431215, 674120
27945848254758, 631611
27945849047693, 618805
27945849813856, 607910
27945858564920, 630871
27945859383985, 688250
27945860240187, 654211
27945861057985, 815011
27945862052610, 907822
27945863120138, 971643
27945864255035, 940860
27945865359192, 885573
27945866415223, 789845
27945867382989, 731640
27945878257737, 812831
27945879262478, 874343
27945880306697, 927917
27945881394007, 890317
27945882437480, 673047
27945883271045, 628101
27945884059405, 640125
27945884853556, 625738
27945885630654, 606774
27945886389437, 607989
27945887158587, 637498
27945887954015, 660208
27945888783059, 623905
27945889566338, 603834
27945890337503, 602675
27945891086757, 597318
27945891836119, 631349
27945892625424, 620802
27945893402116, 604524
27945894155941, 609468
-------------
--------->>>>8620<<<<---------